,PassengerId,Survived,Pclass,Name,Sex,Age,SibSp,Parch,Ticket,Fare,Cabin,Embarked,newColumn,ageGreater25,survivedTrue
0,1,0,3,"Braund, Mr. Owen Harris",male,22.0,1,0,A/5 21171,7.25,,S,0.7817220328886724,False,False
1,2,1,1,"Cumings, Mrs. John Bradley (Florence Briggs Thayer)",female,38.0,1,0,PC 17599,71.2833,C85,C,0.8856525602785844,True,True
2,3,1,3,"Heikkinen, Miss. Laina",female,26.0,0,0,STON/O2. 3101282,7.925,,S,0.23852232479548663,True,True
3,4,1,1,"Futrelle, Mrs. Jacques Heath (Lily May Peel)",female,35.0,1,0,113803,53.1,C123,S,0.5549551275494723,True,True
4,5,0,3,"Allen, Mr. William Henry",male,35.0,0,0,373450,8.05,,S,0.15459439356596094,True,False
5,6,0,3,"Moran, Mr. James",male,,0,0,330877,8.4583,,Q,0.9239072068851588,False,False
6,7,0,1,"McCarthy, Mr. Timothy J",male,54.0,0,0,17463,51.8625,E46,S,0.9602187747188553,True,False
7,8,0,3,"Palsson, Master. Gosta Leonard",male,2.0,3,1,349909,21.075,,S,0.8023444737673265,False,False
8,9,1,3,"Johnson, Mrs. Oscar W (Elisabeth Vilhelmina Berg)",female,27.0,0,2,347742,11.1333,,S,0.11018499047132146,True,True
9,10,1,2,"Nasser, Mrs. Nicholas (Adele Achem)",female,14.0,1,0,237736,30.0708,,C,0.9471011302750291,False,True
10,11,1,3,"Sandstrom, Miss. Marguerite Rut",female,4.0,1,1,PP 9549,16.7,G6,S,0.4610573566036832,False,True
11,12,1,1,"Bonnell, Miss. Elizabeth",female,58.0,0,0,113783,26.55,C103,S,0.6083743557375167,True,True
12,13,0,3,"Saundercock, Mr. William Henry",male,20.0,0,0,A/5. 2151,8.05,,S,0.8250526365702213,False,False
13,14,0,3,"Andersson, Mr. Anders Johan",male,39.0,1,5,347082,31.275,,S,0.6765732561354119,True,False
14,15,0,3,"Vestrom, Miss. Hulda Amanda Adolfina",female,14.0,0,0,350406,7.8542,,S,0.0903234214834534,False,False
15,16,1,2,"Hewlett, Mrs. (Mary D Kingcome) ",female,55.0,0,0,248706,16.0,,S,0.2915252209150593,True,True
16,17,0,3,"Rice, Master. Eugene",male,2.0,4,1,382652,29.125,,Q,0.5906507341359101,False,False
17,18,1,2,"Williams, Mr. Charles Eugene",male,,0,0,244373,13.0,,S,0.44931107263981984,False,True
18,19,0,3,"Vander Planke, Mrs. Julius (Emelia Maria Vandemoortele)",female,31.0,1,0,345763,18.0,,S,0.2122829067131805,True,False
19,20,1,3,"Masselmani, Mrs. Fatima",female,,0,0,2649,7.225,,C,0.545050290531302,False,True
20,21,0,2,"Fynney, Mr. Joseph J",male,35.0,0,0,239865,26.0,,S,0.7768476628460876,True,False
21,22,1,2,"Beesley, Mr. Lawrence",male,34.0,0,0,248698,13.0,D56,S,0.44105609947834257,True,True
22,23,1,3,"McGowan, Miss. Anna ""Annie""",female,15.0,0,0,330923,8.0292,,Q,0.3218146378803256,False,True
23,24,1,1,"Sloper, Mr. William Thompson",male,28.0,0,0,113788,35.5,A6,S,0.09741129357226297,True,True
24,25,0,3,"Palsson, Miss. Torborg Danira",female,8.0,3,1,349909,21.075,,S,0.8467664553843266,False,False
25,26,1,3,"Asplund, Mrs. Carl Oscar (Selma Augusta Emilia Johansson)",female,38.0,1,5,347077,31.3875,,S,0.37566522976462213,True,True
26,27,0,3,"Emir, Mr. Farred Chehab",male,,0,0,2631,7.225,,C,0.31651051585701706,False,False
27,28,0,1,"Fortune, Mr. Charles Alexander",male,19.0,3,2,19950,263.0,C23 C25 C27,S,0.46226475422781155,False,False
28,29,1,3,"O'Dwyer, Miss. Ellen ""Nellie""",female,,0,0,330959,7.8792,,Q,0.5852854186684525,False,True
29,30,0,3,"Todoroff, Mr. Lalio",male,,0,0,349216,7.8958,,S,0.7693447276090256,False,False
30,31,0,1,"Uruchurtu, Don. Manuel E",male,40.0,0,0,PC 17601,27.7208,,C,0.6699080109598555,True,False
31,32,1,1,"Spencer, Mrs. William Augustus (Marie Eugenie)",female,,1,0,PC 17569,146.5208,B78,C,0.08223068723112292,False,True
32,33,1,3,"Glynn, Miss. Mary Agatha",female,,0,0,335677,7.75,,Q,0.5247952216623039,False,True
33,34,0,2,"Wheadon, Mr. Edward H",male,66.0,0,0,C.A. 24579,10.5,,S,0.9646497010581944,True,False
34,35,0,1,"Meyer, Mr. Edgar Joseph",male,28.0,1,0,PC 17604,82.1708,,C,0.7076481833021783,True,False
35,36,0,1,"Holverson, Mr. Alexander Oskar",male,42.0,1,0,113789,52.0,,S,0.28251396204481516,True,False
36,37,1,3,"Mamee, Mr. Hanna",male,,0,0,2677,7.2292,,C,0.41240786431831367,False,True
37,38,0,3,"Cann, Mr. Ernest Charles",male,21.0,0,0,A./5. 2152,8.05,,S,0.8800596518040306,False,False
38,39,0,3,"Vander Planke, Miss. Augusta Maria",female,18.0,2,0,345764,18.0,,S,0.1384596210798561,False,False
39,40,1,3,"Nicola-Yarred, Miss. Jamila",female,14.0,1,0,2651,11.2417,,C,0.13181324008369943,False,True
40,41,0,3,"Ahlin, Mrs. Johan (Johanna Persdotter Larsson)",female,40.0,1,0,7546,9.475,,S,0.4223097382196652,True,False
41,42,0,2,"Turpin, Mrs. William John Robert (Dorothy Ann Wonnacott)",female,27.0,1,0,11668,21.0,,S,0.8712171900772441,True,False
42,43,0,3,"Kraeff, Mr. Theodor",male,,0,0,349253,7.8958,,C,0.884466768708535,False,False
43,44,1,2,"Laroche, Miss. Simonne Marie Anne Andree",female,3.0,1,2,SC/Paris 2123,41.5792,,C,0.40213556953207374,False,True
44,45,1,3,"Devaney, Miss. Margaret Delia",female,19.0,0,0,330958,7.8792,,Q,0.5842909417650592,False,True
45,46,0,3,"Rogers, Mr. William John",male,,0,0,S.C./A.4. 23567,8.05,,S,0.7345711148766556,False,False
46,47,0,3,"Lennon, Mr. Denis",male,,1,0,370371,15.5,,Q,0.14417471130359483,False,False
47,48,1,3,"O'Driscoll, Miss. Bridget",female,,0,0,14311,7.75,,Q,0.7721364010036701,False,True
48,49,0,3,"Samaan, Mr. Youssef",male,,2,0,2662,21.6792,,C,0.019627720259648984,False,False
49,50,0,3,"Arnold-Franchi, Mrs. Josef (Josefine Franchi)",female,18.0,1,0,349237,17.8,,S,0.110882246858509,False,False
50,51,0,3,"Panula, Master. Juha Niilo",male,7.0,4,1,3101295,39.6875,,S,0.548884707558496,False,False
51,52,0,3,"Nosworthy, Mr. Richard Cater",male,21.0,0,0,A/4. 39886,7.8,,S,0.8198931601788984,False,False
52,53,1,1,"Harper, Mrs. Henry Sleeper (Myna Haxtun)",female,49.0,1,0,PC 17572,76.7292,D33,C,0.032913614380584155,True,True
53,54,1,2,"Faunthorpe, Mrs. Lizzie (Elizabeth Anne Wilkinson)",female,29.0,1,0,2926,26.0,,S,0.9264264702436459,True,True
54,55,0,1,"Ostby, Mr. Engelhart Cornelius",male,65.0,0,1,113509,61.9792,B30,C,0.17814136246145573,True,False
55,56,1,1,"Woolner, Mr. Hugh",male,,0,0,19947,35.5,C52,S,0.9257801156289106,False,True
56,57,1,2,"Rugg, Miss. Emily",female,21.0,0,0,C.A. 31026,10.5,,S,0.572704550896641,False,True
57,58,0,3,"Novel, Mr. Mansouer",male,28.5,0,0,2697,7.2292,,C,0.015779655227631917,True,False
58,59,1,2,"West, Miss. Constance Mirium",female,5.0,1,2,C.A. 34651,27.75,,S,0.9635596814026789,False,True
59,60,0,3,"Goodwin, Master. William Frederick",male,11.0,5,2,CA 2144,46.9,,S,0.9210936518771963,False,False
60,61,0,3,"Sirayanian, Mr. Orsen",male,22.0,0,0,2669,7.2292,,C,0.8242146891254309,False,False
61,62,1,1,"Icard, Miss. Amelie",female,38.0,0,0,113572,80.0,B28,,0.33158943199023483,True,True
62,63,0,1,"Harris, Mr. Henry Birkhardt",male,45.0,1,0,36973,83.475,C83,S,0.484036055040975,True,False
63,64,0,3,"Skoog, Master. Harald",male,4.0,3,2,347088,27.9,,S,0.3024967656681976,False,False
64,65,0,1,"Stewart, Mr. Albert A",male,,0,0,PC 17605,27.7208,,C,0.48691927888352626,False,False
65,66,1,3,"Moubarek, Master. Gerios",male,,1,1,2661,15.2458,,C,0.1712232463774207,False,True
66,67,1,2,"Nye, Mrs. (Elizabeth Ramell)",female,29.0,0,0,C.A. 29395,10.5,F33,S,0.5384270956117491,True,True
67,68,0,3,"Crease, Mr. Ernest James",male,19.0,0,0,S.P. 3464,8.1583,,S,0.9274819452852915,False,False
68,69,1,3,"Andersson, Miss. Erna Alexandra",female,17.0,4,2,3101281,7.925,,S,0.39762605509621496,False,True
69,70,0,3,"Kink, Mr. Vincenz",male,26.0,2,0,315151,8.6625,,S,0.616648176393698,True,False
70,71,0,2,"Jenkin, Mr. Stephen Curnow",male,32.0,0,0,C.A. 33111,10.5,,S,0.11019337365724668,True,False
71,72,0,3,"Goodwin, Miss. Lillian Amy",female,16.0,5,2,CA 2144,46.9,,S,0.36872528898750745,False,False
72,73,0,2,"Hood, Mr. Ambrose Jr",male,21.0,0,0,S.O.C. 14879,73.5,,S,0.14751395312490834,False,False
73,74,0,3,"Chronopoulos, Mr. Apostolos",male,26.0,1,0,2680,14.4542,,C,0.6180366311136362,True,False
74,75,1,3,"Bing, Mr. Lee",male,32.0,0,0,1601,56.4958,,S,0.8889400781940238,True,True
75,76,0,3,"Moen, Mr. Sigurd Hansen",male,25.0,0,0,348123,7.65,F G73,S,0.23499566858194865,False,False
76,77,0,3,"Staneff, Mr. Ivan",male,,0,0,349208,7.8958,,S,0.3669125422687045,False,False
77,78,0,3,"Moutal, Mr. Rahamin Haim",male,,0,0,374746,8.05,,S,0.7099111732777202,False,False
78,79,1,2,"Caldwell, Master. Alden Gates",male,0.8300000000000001,0,2,248738,29.0,,S,0.23421917265429726,False,True
79,80,1,3,"Dowdell, Miss. Elizabeth",female,30.0,0,0,364516,12.475,,S,0.689531641505788,True,True
80,81,0,3,"Waelens, Mr. Achille",male,22.0,0,0,345767,9.0,,S,0.13082422601870358,False,False
81,82,1,3,"Sheerlinck, Mr. Jan Baptist",male,29.0,0,0,345779,9.5,,S,0.34209544179771756,True,True
82,83,1,3,"McDermott, Miss. Brigdet Delia",female,,0,0,330932,7.7875,,Q,0.5596493995071539,False,True
83,84,0,1,"Carrau, Mr. Francisco M",male,28.0,0,0,113059,47.1,,S,0.9735397880787106,True,False
84,85,1,2,"Ilett, Miss. Bertha",female,17.0,0,0,SO/C 14885,10.5,,S,0.03203854474055512,False,True
85,86,1,3,"Backstrom, Mrs. Karl Alfred (Maria Mathilda Gustafsson)",female,33.0,3,0,3101278,15.85,,S,0.9022287446790025,True,True
86,87,0,3,"Ford, Mr. William Neal",male,16.0,1,3,W./C. 6608,34.375,,S,0.45728367771682343,False,False
87,88,0,3,"Slocovski, Mr. Selman Francis",male,,0,0,SOTON/OQ 392086,8.05,,S,0.9648682596264296,False,False
88,89,1,1,"Fortune, Miss. Mabel Helen",female,23.0,3,2,19950,263.0,C23 C25 C27,S,0.04588233797220842,False,True
89,90,0,3,"Celotti, Mr. Francesco",male,24.0,0,0,343275,8.05,,S,0.7877340975846895,False,False
90,91,0,3,"Christmann, Mr. Emil",male,29.0,0,0,343276,8.05,,S,0.9317722050941714,True,False
91,92,0,3,"Andreasson, Mr. Paul Edvin",male,20.0,0,0,347466,7.8542,,S,0.9083328724418629,False,False
92,93,0,1,"Chaffee, Mr. Herbert Fuller",male,46.0,1,0,W.E.P. 5734,61.175,E31,S,0.9259609915092694,True,False
93,94,0,3,"Dean, Mr. Bertram Frank",male,26.0,1,2,C.A. 2315,20.575,,S,0.8897388814378357,True,False
94,95,0,3,"Coxon, Mr. Daniel",male,59.0,0,0,364500,7.25,,S,0.9831249309340427,True,False
95,96,0,3,"Shorney, Mr. Charles Joseph",male,,0,0,374910,8.05,,S,0.7057845810979384,False,False
96,97,0,1,"Goldschmidt, Mr. George B",male,71.0,0,0,PC 17754,34.6542,A5,C,0.8284629341307329,True,False
97,98,1,1,"Greenfield, Mr. William Bertram",male,23.0,0,1,PC 17759,63.3583,D10 D12,C,0.6075946159270907,False,True
98,99,1,2,"Doling, Mrs. John T (Ada Julia Bone)",female,34.0,0,1,231919,23.0,,S,0.3566824165212952,True,True
99,100,0,2,"Kantor, Mr. Sinai",male,34.0,1,0,244367,26.0,,S,0.524359650469684,True,False
100,101,0,3,"Petranec, Miss. Matilda",female,28.0,0,0,349245,7.8958,,S,0.5250478896926142,True,False
101,102,0,3,"Petroff, Mr. Pastcho (""Pentcho"")",male,,0,0,349215,7.8958,,S,0.9347916834497829,False,False
102,103,0,1,"White, Mr. Richard Frasar",male,21.0,0,1,35281,77.2875,D26,S,0.12212766293287058,False,False
103,104,0,3,"Johansson, Mr. Gustaf Joel",male,33.0,0,0,7540,8.6542,,S,0.7390082575016177,True,False
104,105,0,3,"Gustafsson, Mr. Anders Vilhelm",male,37.0,2,0,3101276,7.925,,S,0.6287910848572634,True,False
105,106,0,3,"Mionoff, Mr. Stoytcho",male,28.0,0,0,349207,7.8958,,S,0.6719737965402836,True,False
106,107,1,3,"Salkjelsvik, Miss. Anna Kristine",female,21.0,0,0,343120,7.65,,S,0.09378025178593907,False,True
107,108,1,3,"Moss, Mr. Albert Johan",male,,0,0,312991,7.775,,S,0.26421887739027494,False,True
108,109,0,3,"Rekic, Mr. Tido",male,38.0,0,0,349249,7.8958,,S,0.6385089747475547,True,False
109,110,1,3,"Moran, Miss. Bertha",female,,1,0,371110,24.15,,Q,0.060487373195278304,False,True
110,111,0,1,"Porter, Mr. Walter Chamberlain",male,47.0,0,0,110465,52.0,C110,S,0.797393342971737,True,False
111,112,0,3,"Zabour, Miss. Hileni",female,14.5,1,0,2665,14.4542,,C,0.7503932514979783,False,False
112,113,0,3,"Barton, Mr. David John",male,22.0,0,0,324669,8.05,,S,0.2522888772349774,False,False
113,114,0,3,"Jussila, Miss. Katriina",female,20.0,1,0,4136,9.825,,S,0.16266030642477936,False,False
114,115,0,3,"Attalah, Miss. Malake",female,17.0,0,0,2627,14.4583,,C,0.5207172266727949,False,False
115,116,0,3,"Pekoniemi, Mr. Edvard",male,21.0,0,0,STON/O 2. 3101294,7.925,,S,0.054229007553438624,False,False
116,117,0,3,"Connors, Mr. Patrick",male,70.5,0,0,370369,7.75,,Q,0.2878263232221624,True,False
117,118,0,2,"Turpin, Mr. William John Robert",male,29.0,1,0,11668,21.0,,S,0.7277216035952206,True,False
118,119,0,1,"Baxter, Mr. Quigg Edmond",male,24.0,0,1,PC 17558,247.5208,B58 B60,C,0.13433414872538674,False,False
119,120,0,3,"Andersson, Miss. Ellis Anna Maria",female,2.0,4,2,347082,31.275,,S,0.9380239314449315,False,False
120,121,0,2,"Hickman, Mr. Stanley George",male,21.0,2,0,S.O.C. 14879,73.5,,S,0.2468133411881266,False,False
121,122,0,3,"Moore, Mr. Leonard Charles",male,,0,0,A4. 54510,8.05,,S,0.11049498602063568,False,False
122,123,0,2,"Nasser, Mr. Nicholas",male,32.5,1,0,237736,30.0708,,C,0.3388720852432746,True,False
123,124,1,2,"Webber, Miss. Susan",female,32.5,0,0,27267,13.0,E101,S,0.9019139246971152,True,True
124,125,0,1,"White, Mr. Percival Wayland",male,54.0,0,1,35281,77.2875,D26,S,0.948137331087835,True,False
125,126,1,3,"Nicola-Yarred, Master. Elias",male,12.0,1,0,2651,11.2417,,C,0.3708278605628301,False,True
126,127,0,3,"McMahon, Mr. Martin",male,,0,0,370372,7.75,,Q,0.3850459438600746,False,False
127,128,1,3,"Madsen, Mr. Fridtjof Arne",male,24.0,0,0,C 17369,7.1417,,S,0.1619251736898898,False,True
128,129,1,3,"Peter, Miss. Anna",female,,1,1,2668,22.3583,F E69,C,0.9895843734475438,False,True
129,130,0,3,"Ekstrom, Mr. Johan",male,45.0,0,0,347061,6.975,,S,0.09358075200105387,True,False
130,131,0,3,"Drazenoic, Mr. Jozef",male,33.0,0,0,349241,7.8958,,C,0.5650465749177903,True,False
131,132,0,3,"Coelho, Mr. Domingos Fernandeo",male,20.0,0,0,SOTON/O.Q. 3101307,7.05,,S,0.4466707574111404,False,False
132,133,0,3,"Robins, Mrs. Alexander A (Grace Charity Laury)",female,47.0,1,0,A/5. 3337,14.5,,S,0.7872432629200479,True,False
133,134,1,2,"Weisz, Mrs. Leopold (Mathilde Francoise Pede)",female,29.0,1,0,228414,26.0,,S,0.7606437928833535,True,True
134,135,0,2,"Sobey, Mr. Samuel James Hayden",male,25.0,0,0,C.A. 29178,13.0,,S,0.24211438503182148,False,False
135,136,0,2,"Richard, Mr. Emile",male,23.0,0,0,SC/PARIS 2133,15.0458,,C,0.7826850239445798,False,False
136,137,1,1,"Newsom, Miss. Helen Monypeny",female,19.0,0,2,11752,26.2833,D47,S,0.09250244209988301,False,True
137,138,0,1,"Futrelle, Mr. Jacques Heath",male,37.0,1,0,113803,53.1,C123,S,0.31576979171898123,True,False
138,139,0,3,"Osen, Mr. Olaf Elon",male,16.0,0,0,7534,9.2167,,S,0.41715072714628276,False,False
139,140,0,1,"Giglio, Mr. Victor",male,24.0,0,0,PC 17593,79.2,B86,C,0.8486370749600382,False,False
140,141,0,3,"Boulos, Mrs. Joseph (Sultana)",female,,0,2,2678,15.2458,,C,0.22372485952797994,False,False
141,142,1,3,"Nysten, Miss. Anna Sofia",female,22.0,0,0,347081,7.75,,S,0.909802220688465,False,True
142,143,1,3,"Hakkarainen, Mrs. Pekka Pietari (Elin Matilda Dolck)",female,24.0,1,0,STON/O2. 3101279,15.85,,S,0.7229121390434882,False,True
143,144,0,3,"Burke, Mr. Jeremiah",male,19.0,0,0,365222,6.75,,Q,0.9093850630069263,False,False
144,145,0,2,"Andrew, Mr. Edgardo Samuel",male,18.0,0,0,231945,11.5,,S,0.43247718916762234,False,False
145,146,0,2,"Nicholls, Mr. Joseph Charles",male,19.0,1,1,C.A. 33112,36.75,,S,0.6384260089205155,False,False
146,147,1,3,"Andersson, Mr. August Edvard (""Wennerstrom"")",male,27.0,0,0,350043,7.7958,,S,0.8996287078042927,True,True
147,148,0,3,"Ford, Miss. Robina Maggie ""Ruby""",female,9.0,2,2,W./C. 6608,34.375,,S,0.7826322358901334,False,False
148,149,0,2,"Navratil, Mr. Michel (""Louis M Hoffman"")",male,36.5,0,2,230080,26.0,F2,S,0.8249157034814318,True,False
149,150,0,2,"Byles, Rev. Thomas Roussel Davids",male,42.0,0,0,244310,13.0,,S,0.9258577370048421,True,False
150,151,0,2,"Bateman, Rev. Robert James",male,51.0,0,0,S.O.P. 1166,12.525,,S,0.7267360286423132,True,False
151,152,1,1,"Pears, Mrs. Thomas (Edith Wearne)",female,22.0,1,0,113776,66.6,C2,S,0.6898306999506129,False,True
152,153,0,3,"Meo, Mr. Alfonzo",male,55.5,0,0,A.5. 11206,8.05,,S,0.9334976414115044,True,False
153,154,0,3,"van Billiard, Mr. Austin Blyler",male,40.5,0,2,A/5. 851,14.5,,S,0.4257093903453699,True,False
154,155,0,3,"Olsen, Mr. Ole Martin",male,,0,0,Fa 265302,7.3125,,S,0.4031397828295822,False,False
155,156,0,1,"Williams, Mr. Charles Duane",male,51.0,0,1,PC 17597,61.3792,,C,0.3114372734188272,True,False
156,157,1,3,"Gilnagh, Miss. Katherine ""Katie""",female,16.0,0,0,35851,7.7333,,Q,0.32186600421046263,False,True
157,158,0,3,"Corn, Mr. Harry",male,30.0,0,0,SOTON/OQ 392090,8.05,,S,0.004470996022297058,True,False
158,159,0,3,"Smiljanic, Mr. Mile",male,,0,0,315037,8.6625,,S,0.8557888951123099,False,False
159,160,0,3,"Sage, Master. Thomas Henry",male,,8,2,CA. 2343,69.55,,S,0.17948230740882887,False,False
160,161,0,3,"Cribb, Mr. John Hatfield",male,44.0,0,1,371362,16.1,,S,0.0803970876839365,True,False
161,162,1,2,"Watt, Mrs. James (Elizabeth ""Bessie"" Inglis Milne)",female,40.0,0,0,C.A. 33595,15.75,,S,0.4611853834211671,True,True
162,163,0,3,"Bengtsson, Mr. John Viktor",male,26.0,0,0,347068,7.775,,S,0.09578445920703071,True,False
163,164,0,3,"Calic, Mr. Jovo",male,17.0,0,0,315093,8.6625,,S,0.49317599607952545,False,False
164,165,0,3,"Panula, Master. Eino Viljami",male,1.0,4,1,3101295,39.6875,,S,0.1850157910606659,False,False
165,166,1,3,"Goldsmith, Master. Frank John William ""Frankie""",male,9.0,0,2,363291,20.525,,S,0.054522109765490434,False,True
166,167,1,1,"Chibnall, Mrs. (Edith Martha Bowerman)",female,,0,1,113505,55.0,E33,S,0.8102653763286205,False,True
167,168,0,3,"Skoog, Mrs. William (Anna Bernhardina Karlsson)",female,45.0,1,4,347088,27.9,,S,0.6531904455273737,True,False
168,169,0,1,"Baumann, Mr. John D",male,,0,0,PC 17318,25.925,,S,0.37323514790625745,False,False
169,170,0,3,"Ling, Mr. Lee",male,28.0,0,0,1601,56.4958,,S,0.8472564298955603,True,False
170,171,0,1,"Van der hoef, Mr. Wyckoff",male,61.0,0,0,111240,33.5,B19,S,0.1221670502062937,True,False
171,172,0,3,"Rice, Master. Arthur",male,4.0,4,1,382652,29.125,,Q,0.9246020433760861,False,False
172,173,1,3,"Johnson, Miss. Eleanor Ileen",female,1.0,1,1,347742,11.1333,,S,0.7364886148954275,False,True
173,174,0,3,"Sivola, Mr. Antti Wilhelm",male,21.0,0,0,STON/O 2. 3101280,7.925,,S,0.1017302452506812,False,False
174,175,0,1,"Smith, Mr. James Clinch",male,56.0,0,0,17764,30.6958,A7,C,0.806249991722331,True,False
175,176,0,3,"Klasen, Mr. Klas Albin",male,18.0,1,1,350404,7.8542,,S,0.9942729129783494,False,False
176,177,0,3,"Lefebre, Master. Henry Forbes",male,,3,1,4133,25.4667,,S,0.5777479450774115,False,False
177,178,0,1,"Isham, Miss. Ann Elizabeth",female,50.0,0,0,PC 17595,28.7125,C49,C,0.2716033666139941,True,False
178,179,0,2,"Hale, Mr. Reginald",male,30.0,0,0,250653,13.0,,S,0.8327770559915022,True,False
179,180,0,3,"Leonard, Mr. Lionel",male,36.0,0,0,LINE,0.0,,S,0.0667870373225814,True,False
180,181,0,3,"Sage, Miss. Constance Gladys",female,,8,2,CA. 2343,69.55,,S,0.5484594611947151,False,False
181,182,0,2,"Pernot, Mr. Rene",male,,0,0,SC/PARIS 2131,15.05,,C,0.38166919613713923,False,False
182,183,0,3,"Asplund, Master. Clarence Gustaf Hugo",male,9.0,4,2,347077,31.3875,,S,0.42639426516549994,False,False
183,184,1,2,"Becker, Master. Richard F",male,1.0,2,1,230136,39.0,F4,S,0.044015138140477195,False,True
184,185,1,3,"Kink-Heilmann, Miss. Luise Gretchen",female,4.0,0,2,315153,22.025,,S,0.9009435967383779,False,True
185,186,0,1,"Rood, Mr. Hugh Roscoe",male,,0,0,113767,50.0,A32,S,0.4746058790563291,False,False
186,187,1,3,"O'Brien, Mrs. Thomas (Johanna ""Hannah"" Godfrey)",female,,1,0,370365,15.5,,Q,0.10799044677752823,False,True
187,188,1,1,"Romaine, Mr. Charles Hallace (""Mr C Rolmane"")",male,45.0,0,0,111428,26.55,,S,0.6293894398625328,True,True
188,189,0,3,"Bourke, Mr. John",male,40.0,1,1,364849,15.5,,Q,0.6568286675499055,True,False
189,190,0,3,"Turcin, Mr. Stjepan",male,36.0,0,0,349247,7.8958,,S,0.8253068710107325,True,False
190,191,1,2,"Pinsky, Mrs. (Rosa)",female,32.0,0,0,234604,13.0,,S,0.9335985060301853,True,True
191,192,0,2,"Carbines, Mr. William",male,19.0,0,0,28424,13.0,,S,0.1895421508081706,False,False
192,193,1,3,"Andersen-Jensen, Miss. Carla Christine Nielsine",female,19.0,1,0,350046,7.8542,,S,0.45126187476510693,False,True
193,194,1,2,"Navratil, Master. Michel M",male,3.0,1,1,230080,26.0,F2,S,0.2666324915603039,False,True
194,195,1,1,"Brown, Mrs. James Joseph (Margaret Tobin)",female,44.0,0,0,PC 17610,27.7208,B4,C,0.3949191983717306,True,True
195,196,1,1,"Lurette, Miss. Elise",female,58.0,0,0,PC 17569,146.5208,B80,C,0.41147486902642905,True,True
196,197,0,3,"Mernagh, Mr. Robert",male,,0,0,368703,7.75,,Q,0.9358171557335383,False,False
197,198,0,3,"Olsen, Mr. Karl Siegwart Andreas",male,42.0,0,1,4579,8.4042,,S,0.8732222924937676,True,False
198,199,1,3,"Madigan, Miss. Margaret ""Maggie""",female,,0,0,370370,7.75,,Q,0.07864366767165876,False,True
199,200,0,2,"Yrois, Miss. Henriette (""Mrs Harbeck"")",female,24.0,0,0,248747,13.0,,S,0.36691010816276337,False,False
200,201,0,3,"Vande Walle, Mr. Nestor Cyriel",male,28.0,0,0,345770,9.5,,S,0.8562882685308886,True,False
201,202,0,3,"Sage, Mr. Frederick",male,,8,2,CA. 2343,69.55,,S,0.2624439782765947,False,False
202,203,0,3,"Johanson, Mr. Jakob Alfred",male,34.0,0,0,3101264,6.4958,,S,0.541396900148481,True,False
203,204,0,3,"Youseff, Mr. Gerious",male,45.5,0,0,2628,7.225,,C,0.7708123424023678,True,False
204,205,1,3,"Cohen, Mr. Gurshon ""Gus""",male,18.0,0,0,A/5 3540,8.05,,S,0.570349320267368,False,True
205,206,0,3,"Strom, Miss. Telma Matilda",female,2.0,0,1,347054,10.4625,G6,S,0.9801944447616857,False,False
206,207,0,3,"Backstrom, Mr. Karl Alfred",male,32.0,1,0,3101278,15.85,,S,0.22048023908751657,True,False
207,208,1,3,"Albimona, Mr. Nassef Cassem",male,26.0,0,0,2699,18.7875,,C,0.8902316190647529,True,True
208,209,1,3,"Carr, Miss. Helen ""Ellen""",female,16.0,0,0,367231,7.75,,Q,0.5425222582708241,False,True
209,210,1,1,"Blank, Mr. Henry",male,40.0,0,0,112277,31.0,A31,C,0.9946893114262455,True,True
210,211,0,3,"Ali, Mr. Ahmed",male,24.0,0,0,SOTON/O.Q. 3101311,7.05,,S,0.5903593488718069,False,False
211,212,1,2,"Cameron, Miss. Clear Annie",female,35.0,0,0,F.C.C. 13528,21.0,,S,0.7691820156788564,True,True
212,213,0,3,"Perkin, Mr. John Henry",male,22.0,0,0,A/5 21174,7.25,,S,0.6386766565790085,False,False
213,214,0,2,"Givard, Mr. Hans Kristensen",male,30.0,0,0,250646,13.0,,S,0.04872334243597476,True,False
214,215,0,3,"Kiernan, Mr. Philip",male,,1,0,367229,7.75,,Q,0.6039834420183184,False,False
215,216,1,1,"Newell, Miss. Madeleine",female,31.0,1,0,35273,113.275,D36,C,0.785635908810516,True,True
216,217,1,3,"Honkanen, Miss. Eliina",female,27.0,0,0,STON/O2. 3101283,7.925,,S,0.5728775725415481,True,True
217,218,0,2,"Jacobsohn, Mr. Sidney Samuel",male,42.0,1,0,243847,27.0,,S,0.7814909200949001,True,False
218,219,1,1,"Bazzani, Miss. Albina",female,32.0,0,0,11813,76.2917,D15,C,0.7481135771522297,True,True
219,220,0,2,"Harris, Mr. Walter",male,30.0,0,0,W/C 14208,10.5,,S,0.7171670670470924,True,False
220,221,1,3,"Sunderland, Mr. Victor Francis",male,16.0,0,0,SOTON/OQ 392089,8.05,,S,0.8489894676589401,False,True
221,222,0,2,"Bracken, Mr. James H",male,27.0,0,0,220367,13.0,,S,0.4223159323875746,True,False
222,223,0,3,"Green, Mr. George Henry",male,51.0,0,0,21440,8.05,,S,0.9486297318466257,True,False
223,224,0,3,"Nenkoff, Mr. Christo",male,,0,0,349234,7.8958,,S,0.5275398476809625,False,False
224,225,1,1,"Hoyt, Mr. Frederick Maxfield",male,38.0,1,0,19943,90.0,C93,S,0.7829356462593038,True,True
225,226,0,3,"Berglund, Mr. Karl Ivar Sven",male,22.0,0,0,PP 4348,9.35,,S,0.6575555445544259,False,False
226,227,1,2,"Mellors, Mr. William John",male,19.0,0,0,SW/PP 751,10.5,,S,0.13757802964054333,False,True
227,228,0,3,"Lovell, Mr. John Hall (""Henry"")",male,20.5,0,0,A/5 21173,7.25,,S,0.832104376269914,False,False
228,229,0,2,"Fahlstrom, Mr. Arne Jonas",male,18.0,0,0,236171,13.0,,S,0.6916146036019137,False,False
229,230,0,3,"Lefebre, Miss. Mathilde",female,,3,1,4133,25.4667,,S,0.9584131702774509,False,False
230,231,1,1,"Harris, Mrs. Henry Birkhardt (Irene Wallach)",female,35.0,1,0,36973,83.475,C83,S,0.528904371036596,True,True
231,232,0,3,"Larsson, Mr. Bengt Edvin",male,29.0,0,0,347067,7.775,,S,0.2715639813881302,True,False
232,233,0,2,"Sjostedt, Mr. Ernst Adolf",male,59.0,0,0,237442,13.5,,S,0.036879168367362714,True,False
233,234,1,3,"Asplund, Miss. Lillian Gertrud",female,5.0,4,2,347077,31.3875,,S,0.9680143092484229,False,True
234,235,0,2,"Leyson, Mr. Robert William Norman",male,24.0,0,0,C.A. 29566,10.5,,S,0.28880357059526596,False,False
235,236,0,3,"Harknett, Miss. Alice Phoebe",female,,0,0,W./C. 6609,7.55,,S,0.9349243966283125,False,False
236,237,0,2,"Hold, Mr. Stephen",male,44.0,1,0,26707,26.0,,S,0.8397233671731494,True,False
237,238,1,2,"Collyer, Miss. Marjorie ""Lottie""",female,8.0,0,2,C.A. 31921,26.25,,S,0.9724622339571269,False,True
238,239,0,2,"Pengelly, Mr. Frederick William",male,19.0,0,0,28665,10.5,,S,0.062378204918813296,False,False
239,240,0,2,"Hunt, Mr. George Henry",male,33.0,0,0,SCO/W 1585,12.275,,S,0.5643698439430463,True,False
240,241,0,3,"Zabour, Miss. Thamine",female,,1,0,2665,14.4542,,C,0.37225636372710236,False,False
241,242,1,3,"Murphy, Miss. Katherine ""Kate""",female,,1,0,367230,15.5,,Q,0.3561526750638583,False,True
242,243,0,2,"Coleridge, Mr. Reginald Charles",male,29.0,0,0,W./C. 14263,10.5,,S,0.3260059678628524,True,False
243,244,0,3,"Maenpaa, Mr. Matti Alexanteri",male,22.0,0,0,STON/O 2. 3101275,7.125,,S,0.841398780492386,False,False
244,245,0,3,"Attalah, Mr. Sleiman",male,30.0,0,0,2694,7.225,,C,0.05676654348404786,True,False
245,246,0,1,"Minahan, Dr. William Edward",male,44.0,2,0,19928,90.0,C78,Q,0.28189425428984527,True,False
246,247,0,3,"Lindahl, Miss. Agda Thorilda Viktoria",female,25.0,0,0,347071,7.775,,S,0.5318390452518424,False,False
247,248,1,2,"Hamalainen, Mrs. William (Anna)",female,24.0,0,2,250649,14.5,,S,0.851866446131989,False,True
248,249,1,1,"Beckwith, Mr. Richard Leonard",male,37.0,1,1,11751,52.5542,D35,S,0.07726990150692703,True,True
249,250,0,2,"Carter, Rev. Ernest Courtenay",male,54.0,1,0,244252,26.0,,S,0.1399441974572796,True,False
250,251,0,3,"Reed, Mr. James George",male,,0,0,362316,7.25,,S,0.16102165781193378,False,False
251,252,0,3,"Strom, Mrs. Wilhelm (Elna Matilda Persson)",female,29.0,1,1,347054,10.4625,G6,S,0.337548354082328,True,False
252,253,0,1,"Stead, Mr. William Thomas",male,62.0,0,0,113514,26.55,C87,S,0.4794960156947041,True,False
253,254,0,3,"Lobb, Mr. William Arthur",male,30.0,1,0,A/5. 3336,16.1,,S,0.9282801082761227,True,False
254,255,0,3,"Rosblom, Mrs. Viktor (Helena Wilhelmina)",female,41.0,0,2,370129,20.2125,,S,0.8339687495897308,True,False
255,256,1,3,"Touma, Mrs. Darwis (Hanne Youssef Razi)",female,29.0,0,2,2650,15.2458,,C,0.006988161155125572,True,True
256,257,1,1,"Thorne, Mrs. Gertrude Maybelle",female,,0,0,PC 17585,79.2,,C,0.8063366913247637,False,True
257,258,1,1,"Cherry, Miss. Gladys",female,30.0,0,0,110152,86.5,B77,S,0.23026565742786775,True,True
258,259,1,1,"Ward, Miss. Anna",female,35.0,0,0,PC 17755,512.3292,,C,0.6448027226564395,True,True
259,260,1,2,"Parrish, Mrs. (Lutie Davis)",female,50.0,0,1,230433,26.0,,S,0.6214449340178606,True,True
260,261,0,3,"Smith, Mr. Thomas",male,,0,0,384461,7.75,,Q,0.5731268260264515,False,False
261,262,1,3,"Asplund, Master. Edvin Rojj Felix",male,3.0,4,2,347077,31.3875,,S,0.6654319149108263,False,True
262,263,0,1,"Taussig, Mr. Emil",male,52.0,1,1,110413,79.65,E67,S,0.6537350012997195,True,False
263,264,0,1,"Harrison, Mr. William",male,40.0,0,0,112059,0.0,B94,S,0.7091680007434785,True,False
264,265,0,3,"Henry, Miss. Delia",female,,0,0,382649,7.75,,Q,0.6084569689445194,False,False
265,266,0,2,"Reeves, Mr. David",male,36.0,0,0,C.A. 17248,10.5,,S,0.9544492004850861,True,False
266,267,0,3,"Panula, Mr. Ernesti Arvid",male,16.0,4,1,3101295,39.6875,,S,0.661644533221036,False,False
267,268,1,3,"Persson, Mr. Ernst Ulrik",male,25.0,1,0,347083,7.775,,S,0.07035170904703147,False,True
268,269,1,1,"Graham, Mrs. William Thompson (Edith Junkins)",female,58.0,0,1,PC 17582,153.4625,C125,S,0.2890684847432785,True,True
269,270,1,1,"Bissette, Miss. Amelia",female,35.0,0,0,PC 17760,135.6333,C99,S,0.37101176832030724,True,True
270,271,0,1,"Cairns, Mr. Alexander",male,,0,0,113798,31.0,,S,0.42372023904386824,False,False
271,272,1,3,"Tornquist, Mr. William Henry",male,25.0,0,0,LINE,0.0,,S,0.7168598121505992,False,True
272,273,1,2,"Mellinger, Mrs. (Elizabeth Anne Maidment)",female,41.0,0,1,250644,19.5,,S,0.15066753487766815,True,True
273,274,0,1,"Natsch, Mr. Charles H",male,37.0,0,1,PC 17596,29.7,C118,C,0.1684480400618562,True,False
274,275,1,3,"Healy, Miss. Hanora ""Nora""",female,,0,0,370375,7.75,,Q,0.20988225701539287,False,True
275,276,1,1,"Andrews, Miss. Kornelia Theodosia",female,63.0,1,0,13502,77.9583,D7,S,0.8554497301500917,True,True
276,277,0,3,"Lindblom, Miss. Augusta Charlotta",female,45.0,0,0,347073,7.75,,S,0.6389401903021975,True,False
277,278,0,2,"Parkes, Mr. Francis ""Frank""",male,,0,0,239853,0.0,,S,0.31728743212488686,False,False
278,279,0,3,"Rice, Master. Eric",male,7.0,4,1,382652,29.125,,Q,0.3875645554083986,False,False
279,280,1,3,"Abbott, Mrs. Stanton (Rosa Hunt)",female,35.0,1,1,C.A. 2673,20.25,,S,0.1896401462342462,True,True
280,281,0,3,"Duane, Mr. Frank",male,65.0,0,0,336439,7.75,,Q,0.9555512725903437,True,False
281,282,0,3,"Olsson, Mr. Nils Johan Goransson",male,28.0,0,0,347464,7.8542,,S,0.7061832555770563,True,False
282,283,0,3,"de Pelsmaeker, Mr. Alfons",male,16.0,0,0,345778,9.5,,S,0.8788169121081105,False,False
283,284,1,3,"Dorking, Mr. Edward Arthur",male,19.0,0,0,A/5. 10482,8.05,,S,0.7636747577945852,False,True
284,285,0,1,"Smith, Mr. Richard William",male,,0,0,113056,26.0,A19,S,0.23234176330082779,False,False
285,286,0,3,"Stankovic, Mr. Ivan",male,33.0,0,0,349239,8.6625,,C,0.38283483584946454,True,False
286,287,1,3,"de Mulder, Mr. Theodore",male,30.0,0,0,345774,9.5,,S,0.0035115555440143886,True,True
287,288,0,3,"Naidenoff, Mr. Penko",male,22.0,0,0,349206,7.8958,,S,0.19472197559980697,False,False
288,289,1,2,"Hosono, Mr. Masabumi",male,42.0,0,0,237798,13.0,,S,0.35070007469436193,True,True
289,290,1,3,"Connolly, Miss. Kate",female,22.0,0,0,370373,7.75,,Q,0.9810864899009961,False,True
290,291,1,1,"Barber, Miss. Ellen ""Nellie""",female,26.0,0,0,19877,78.85,,S,0.21497926312158933,True,True
291,292,1,1,"Bishop, Mrs. Dickinson H (Helen Walton)",female,19.0,1,0,11967,91.0792,B49,C,0.5318299175518595,False,True
292,293,0,2,"Levy, Mr. Rene Jacques",male,36.0,0,0,SC/Paris 2163,12.875,D,C,0.11781024629461889,True,False
293,294,0,3,"Haas, Miss. Aloisia",female,24.0,0,0,349236,8.85,,S,0.5313506149969108,False,False
294,295,0,3,"Mineff, Mr. Ivan",male,24.0,0,0,349233,7.8958,,S,0.39054160868764287,False,False
295,296,0,1,"Lewy, Mr. Ervin G",male,,0,0,PC 17612,27.7208,,C,0.2670567235126755,False,False
296,297,0,3,"Hanna, Mr. Mansour",male,23.5,0,0,2693,7.2292,,C,0.22328549654844154,False,False
297,298,0,1,"Allison, Miss. Helen Loraine",female,2.0,1,2,113781,151.55,C22 C26,S,0.10901057574861717,False,False
298,299,1,1,"Saalfeld, Mr. Adolphe",male,,0,0,19988,30.5,C106,S,0.12506247851232732,False,True
299,300,1,1,"Baxter, Mrs. James (Helene DeLaudeniere Chaput)",female,50.0,0,1,PC 17558,247.5208,B58 B60,C,0.44155626542761506,True,True
300,301,1,3,"Kelly, Miss. Anna Katherine ""Annie Kate""",female,,0,0,9234,7.75,,Q,0.830768760229811,False,True
301,302,1,3,"McCoy, Mr. Bernard",male,,2,0,367226,23.25,,Q,0.4080000642977347,False,True
302,303,0,3,"Johnson, Mr. William Cahoone Jr",male,19.0,0,0,LINE,0.0,,S,0.33997750965049567,False,False
303,304,1,2,"Keane, Miss. Nora A",female,,0,0,226593,12.35,E101,Q,0.5808460279135164,False,True
304,305,0,3,"Williams, Mr. Howard Hugh ""Harry""",male,,0,0,A/5 2466,8.05,,S,0.8363908904525982,False,False
305,306,1,1,"Allison, Master. Hudson Trevor",male,0.92,1,2,113781,151.55,C22 C26,S,0.6419276965201497,False,True
306,307,1,1,"Fleming, Miss. Margaret",female,,0,0,17421,110.8833,,C,0.575128580730123,False,True
307,308,1,1,"Penasco y Castellana, Mrs. Victor de Satode (Maria Josefa Perez de Soto y Vallejo)",female,17.0,1,0,PC 17758,108.9,C65,C,0.9753395378304912,False,True
308,309,0,2,"Abelson, Mr. Samuel",male,30.0,1,0,P/PP 3381,24.0,,C,0.9136928082652744,True,False
309,310,1,1,"Francatelli, Miss. Laura Mabel",female,30.0,0,0,PC 17485,56.9292,E36,C,0.3406629974236266,True,True
310,311,1,1,"Hays, Miss. Margaret Bechstein",female,24.0,0,0,11767,83.1583,C54,C,0.9746216712120689,False,True
311,312,1,1,"Ryerson, Miss. Emily Borie",female,18.0,2,2,PC 17608,262.375,B57 B59 B63 B66,C,0.6132941136749861,False,True
312,313,0,2,"Lahtinen, Mrs. William (Anna Sylfven)",female,26.0,1,1,250651,26.0,,S,0.3248185146012488,True,False
313,314,0,3,"Hendekovic, Mr. Ignjac",male,28.0,0,0,349243,7.8958,,S,0.9423828651384564,True,False
314,315,0,2,"Hart, Mr. Benjamin",male,43.0,1,1,F.C.C. 13529,26.25,,S,0.894661780424056,True,False
315,316,1,3,"Nilsson, Miss. Helmina Josefina",female,26.0,0,0,347470,7.8542,,S,0.20180108916413708,True,True
316,317,1,2,"Kantor, Mrs. Sinai (Miriam Sternin)",female,24.0,1,0,244367,26.0,,S,0.49992976548639956,False,True
317,318,0,2,"Moraweck, Dr. Ernest",male,54.0,0,0,29011,14.0,,S,0.3595653863946078,True,False
318,319,1,1,"Wick, Miss. Mary Natalie",female,31.0,0,2,36928,164.8667,C7,S,0.05004413896543369,True,True
319,320,1,1,"Spedden, Mrs. Frederic Oakley (Margaretta Corning Stone)",female,40.0,1,1,16966,134.5,E34,C,0.8988190700820131,True,True
320,321,0,3,"Dennis, Mr. Samuel",male,22.0,0,0,A/5 21172,7.25,,S,0.07334487026362368,False,False
321,322,0,3,"Danoff, Mr. Yoto",male,27.0,0,0,349219,7.8958,,S,0.5852746215776838,True,False
322,323,1,2,"Slayter, Miss. Hilda Mary",female,30.0,0,0,234818,12.35,,Q,0.36394083889805107,True,True
323,324,1,2,"Caldwell, Mrs. Albert Francis (Sylvia Mae Harbaugh)",female,22.0,1,1,248738,29.0,,S,0.5438830605269842,False,True
324,325,0,3,"Sage, Mr. George John Jr",male,,8,2,CA. 2343,69.55,,S,0.4583473567325602,False,False
325,326,1,1,"Young, Miss. Marie Grice",female,36.0,0,0,PC 17760,135.6333,C32,C,0.12258659499072022,True,True
326,327,0,3,"Nysveen, Mr. Johan Hansen",male,61.0,0,0,345364,6.2375,,S,0.5437839658028704,True,False
327,328,1,2,"Ball, Mrs. (Ada E Hall)",female,36.0,0,0,28551,13.0,D,S,0.7896603055400347,True,True
328,329,1,3,"Goldsmith, Mrs. Frank John (Emily Alice Brown)",female,31.0,1,1,363291,20.525,,S,0.8238141161664762,True,True
329,330,1,1,"Hippach, Miss. Jean Gertrude",female,16.0,0,1,111361,57.9792,B18,C,0.27461050335108506,False,True
330,331,1,3,"McCoy, Miss. Agnes",female,,2,0,367226,23.25,,Q,0.4895429122315238,False,True
331,332,0,1,"Partner, Mr. Austen",male,45.5,0,0,113043,28.5,C124,S,0.35353988826193117,True,False
332,333,0,1,"Graham, Mr. George Edward",male,38.0,0,1,PC 17582,153.4625,C91,S,0.32472422863629813,True,False
333,334,0,3,"Vander Planke, Mr. Leo Edmondus",male,16.0,2,0,345764,18.0,,S,0.13145288344527972,False,False
334,335,1,1,"Frauenthal, Mrs. Henry William (Clara Heinsheimer)",female,,1,0,PC 17611,133.65,,S,0.399370473694595,False,True
335,336,0,3,"Denkoff, Mr. Mitto",male,,0,0,349225,7.8958,,S,0.1410984250021703,False,False
336,337,0,1,"Pears, Mr. Thomas Clinton",male,29.0,1,0,113776,66.6,C2,S,0.31431626643657473,True,False
337,338,1,1,"Burns, Miss. Elizabeth Margaret",female,41.0,0,0,16966,134.5,E40,C,0.23917695013555573,True,True
338,339,1,3,"Dahl, Mr. Karl Edwart",male,45.0,0,0,7598,8.05,,S,0.15213000329368642,True,True
339,340,0,1,"Blackwell, Mr. Stephen Weart",male,45.0,0,0,113784,35.5,T,S,0.8678345329009467,True,False
340,341,1,2,"Navratil, Master. Edmond Roger",male,2.0,1,1,230080,26.0,F2,S,0.07872154337243675,False,True
341,342,1,1,"Fortune, Miss. Alice Elizabeth",female,24.0,3,2,19950,263.0,C23 C25 C27,S,0.9937298648473553,False,True
342,343,0,2,"Collander, Mr. Erik Gustaf",male,28.0,0,0,248740,13.0,,S,0.29541114849627503,True,False
343,344,0,2,"Sedgwick, Mr. Charles Frederick Waddington",male,25.0,0,0,244361,13.0,,S,0.4832324771992186,False,False
344,345,0,2,"Fox, Mr. Stanley Hubert",male,36.0,0,0,229236,13.0,,S,0.04489705177161296,True,False
345,346,1,2,"Brown, Miss. Amelia ""Mildred""",female,24.0,0,0,248733,13.0,F33,S,0.30225735248660135,False,True
346,347,1,2,"Smith, Miss. Marion Elsie",female,40.0,0,0,31418,13.0,,S,0.7014114907190995,True,True
347,348,1,3,"Davison, Mrs. Thomas Henry (Mary E Finck)",female,,1,0,386525,16.1,,S,0.59247475822228,False,True
348,349,1,3,"Coutts, Master. William Loch ""William""",male,3.0,1,1,C.A. 37671,15.9,,S,0.7716804197905307,False,True
349,350,0,3,"Dimic, Mr. Jovan",male,42.0,0,0,315088,8.6625,,S,0.4076890373998193,True,False
350,351,0,3,"Odahl, Mr. Nils Martin",male,23.0,0,0,7267,9.225,,S,0.42389617857742834,False,False
351,352,0,1,"Williams-Lambert, Mr. Fletcher Fellows",male,,0,0,113510,35.0,C128,S,0.5619187520000203,False,False
352,353,0,3,"Elias, Mr. Tannous",male,15.0,1,1,2695,7.2292,,C,0.10795297602272036,False,False
353,354,0,3,"Arnold-Franchi, Mr. Josef",male,25.0,1,0,349237,17.8,,S,0.5348589905939863,False,False
354,355,0,3,"Yousif, Mr. Wazli",male,,0,0,2647,7.225,,C,0.41607162696002054,False,False
355,356,0,3,"Vanden Steen, Mr. Leo Peter",male,28.0,0,0,345783,9.5,,S,0.3606711688251001,True,False
356,357,1,1,"Bowerman, Miss. Elsie Edith",female,22.0,0,1,113505,55.0,E33,S,0.6699833086845399,False,True
357,358,0,2,"Funk, Miss. Annie Clemmer",female,38.0,0,0,237671,13.0,,S,0.7151458679315513,True,False
358,359,1,3,"McGovern, Miss. Mary",female,,0,0,330931,7.8792,,Q,0.6478845485779247,False,True
359,360,1,3,"Mockler, Miss. Helen Mary ""Ellie""",female,,0,0,330980,7.8792,,Q,0.36368099128130227,False,True
360,361,0,3,"Skoog, Mr. Wilhelm",male,40.0,1,4,347088,27.9,,S,0.5684738692071375,True,False
361,362,0,2,"del Carlo, Mr. Sebastiano",male,29.0,1,0,SC/PARIS 2167,27.7208,,C,0.7764683540779292,True,False
362,363,0,3,"Barbara, Mrs. (Catherine David)",female,45.0,0,1,2691,14.4542,,C,0.7216263837384387,True,False
363,364,0,3,"Asim, Mr. Adola",male,35.0,0,0,SOTON/O.Q. 3101310,7.05,,S,0.9343053970512925,True,False
364,365,0,3,"O'Brien, Mr. Thomas",male,,1,0,370365,15.5,,Q,0.6071029096132234,False,False
365,366,0,3,"Adahl, Mr. Mauritz Nils Martin",male,30.0,0,0,C 7076,7.25,,S,0.8812678751244903,True,False
366,367,1,1,"Warren, Mrs. Frank Manley (Anna Sophia Atkinson)",female,60.0,1,0,110813,75.25,D37,C,0.6331307934559283,True,True
367,368,1,3,"Moussa, Mrs. (Mantoura Boulos)",female,,0,0,2626,7.2292,,C,0.00012998227757787806,False,True
368,369,1,3,"Jermyn, Miss. Annie",female,,0,0,14313,7.75,,Q,0.11883671561834086,False,True
369,370,1,1,"Aubart, Mme. Leontine Pauline",female,24.0,0,0,PC 17477,69.3,B35,C,0.5362488404945815,False,True
370,371,1,1,"Harder, Mr. George Achilles",male,25.0,1,0,11765,55.4417,E50,C,0.4849412088478109,False,True
371,372,0,3,"Wiklund, Mr. Jakob Alfred",male,18.0,1,0,3101267,6.4958,,S,0.41608053288697777,False,False
372,373,0,3,"Beavan, Mr. William Thomas",male,19.0,0,0,323951,8.05,,S,0.7294863802092612,False,False
373,374,0,1,"Ringhini, Mr. Sante",male,22.0,0,0,PC 17760,135.6333,,C,0.12714064792886426,False,False
374,375,0,3,"Palsson, Miss. Stina Viola",female,3.0,3,1,349909,21.075,,S,0.2625298415835632,False,False
375,376,1,1,"Meyer, Mrs. Edgar Joseph (Leila Saks)",female,,1,0,PC 17604,82.1708,,C,0.39258126327407994,False,True
376,377,1,3,"Landergren, Miss. Aurora Adelia",female,22.0,0,0,C 7077,7.25,,S,0.8333070383464537,False,True
377,378,0,1,"Widener, Mr. Harry Elkins",male,27.0,0,2,113503,211.5,C82,C,0.37440353008725913,True,False
378,379,0,3,"Betros, Mr. Tannous",male,20.0,0,0,2648,4.0125,,C,0.0721090196700358,False,False
379,380,0,3,"Gustafsson, Mr. Karl Gideon",male,19.0,0,0,347069,7.775,,S,0.03774336396432465,False,False
380,381,1,1,"Bidois, Miss. Rosalie",female,42.0,0,0,PC 17757,227.525,,C,0.9141891443063249,True,True
381,382,1,3,"Nakid, Miss. Maria (""Mary"")",female,1.0,0,2,2653,15.7417,,C,0.8217465852938846,False,True
382,383,0,3,"Tikkanen, Mr. Juho",male,32.0,0,0,STON/O 2. 3101293,7.925,,S,0.4326789585877785,True,False
383,384,1,1,"Holverson, Mrs. Alexander Oskar (Mary Aline Towner)",female,35.0,1,0,113789,52.0,,S,0.757768805673148,True,True
384,385,0,3,"Plotcharsky, Mr. Vasil",male,,0,0,349227,7.8958,,S,0.5230055113452583,False,False
385,386,0,2,"Davies, Mr. Charles Henry",male,18.0,0,0,S.O.C. 14879,73.5,,S,0.4947175473250245,False,False
386,387,0,3,"Goodwin, Master. Sidney Leonard",male,1.0,5,2,CA 2144,46.9,,S,0.026327192948631284,False,False
387,388,1,2,"Buss, Miss. Kate",female,36.0,0,0,27849,13.0,,S,0.845476080506244,True,True
388,389,0,3,"Sadlier, Mr. Matthew",male,,0,0,367655,7.7292,,Q,0.6572046760938187,False,False
389,390,1,2,"Lehmann, Miss. Bertha",female,17.0,0,0,SC 1748,12.0,,C,0.6400735037105699,False,True
390,391,1,1,"Carter, Mr. William Ernest",male,36.0,1,2,113760,120.0,B96 B98,S,0.7776251612346293,True,True
391,392,1,3,"Jansson, Mr. Carl Olof",male,21.0,0,0,350034,7.7958,,S,0.7329528728847992,False,True
392,393,0,3,"Gustafsson, Mr. Johan Birger",male,28.0,2,0,3101277,7.925,,S,0.8826016261317983,True,False
393,394,1,1,"Newell, Miss. Marjorie",female,23.0,1,0,35273,113.275,D36,C,0.8416489327564528,False,True
394,395,1,3,"Sandstrom, Mrs. Hjalmar (Agnes Charlotta Bengtsson)",female,24.0,0,2,PP 9549,16.7,G6,S,0.03692434372216136,False,True
395,396,0,3,"Johansson, Mr. Erik",male,22.0,0,0,350052,7.7958,,S,0.5984656617208969,False,False
396,397,0,3,"Olsson, Miss. Elina",female,31.0,0,0,350407,7.8542,,S,0.6592523667471107,True,False
397,398,0,2,"McKane, Mr. Peter David",male,46.0,0,0,28403,26.0,,S,0.3869532461852466,True,False
398,399,0,2,"Pain, Dr. Alfred",male,23.0,0,0,244278,10.5,,S,0.07440031365804878,False,False
399,400,1,2,"Trout, Mrs. William H (Jessie L)",female,28.0,0,0,240929,12.65,,S,0.09350716901995748,True,True
400,401,1,3,"Niskanen, Mr. Juha",male,39.0,0,0,STON/O 2. 3101289,7.925,,S,0.5477787076882421,True,True
401,402,0,3,"Adams, Mr. John",male,26.0,0,0,341826,8.05,,S,0.6679515492689706,True,False
402,403,0,3,"Jussila, Miss. Mari Aina",female,21.0,1,0,4137,9.825,,S,0.7863976519135855,False,False
403,404,0,3,"Hakkarainen, Mr. Pekka Pietari",male,28.0,1,0,STON/O2. 3101279,15.85,,S,0.20774808160081504,True,False
404,405,0,3,"Oreskovic, Miss. Marija",female,20.0,0,0,315096,8.6625,,S,0.8135360886234675,False,False
405,406,0,2,"Gale, Mr. Shadrach",male,34.0,1,0,28664,21.0,,S,0.5285139187629229,True,False
406,407,0,3,"Widegren, Mr. Carl/Charles Peter",male,51.0,0,0,347064,7.75,,S,0.7751309974562225,True,False
407,408,1,2,"Richards, Master. William Rowe",male,3.0,1,1,29106,18.75,,S,0.042295585469496855,False,True
408,409,0,3,"Birkeland, Mr. Hans Martin Monsen",male,21.0,0,0,312992,7.775,,S,0.5367715374718053,False,False
409,410,0,3,"Lefebre, Miss. Ida",female,,3,1,4133,25.4667,,S,0.9939632910937459,False,False
410,411,0,3,"Sdycoff, Mr. Todor",male,,0,0,349222,7.8958,,S,0.30127487961922117,False,False
411,412,0,3,"Hart, Mr. Henry",male,,0,0,394140,6.8583,,Q,0.455223850509233,False,False
412,413,1,1,"Minahan, Miss. Daisy E",female,33.0,1,0,19928,90.0,C78,Q,0.7412743205657532,True,True
413,414,0,2,"Cunningham, Mr. Alfred Fleming",male,,0,0,239853,0.0,,S,0.0595983777974618,False,False
414,415,1,3,"Sundman, Mr. Johan Julian",male,44.0,0,0,STON/O 2. 3101269,7.925,,S,0.623303981573908,True,True
415,416,0,3,"Meek, Mrs. Thomas (Annie Louise Rowley)",female,,0,0,343095,8.05,,S,0.29259631598113145,False,False
416,417,1,2,"Drew, Mrs. James Vivian (Lulu Thorne Christian)",female,34.0,1,1,28220,32.5,,S,0.9336453323273068,True,True
417,418,1,2,"Silven, Miss. Lyyli Karoliina",female,18.0,0,2,250652,13.0,,S,0.9415286347610917,False,True
418,419,0,2,"Matthews, Mr. William John",male,30.0,0,0,28228,13.0,,S,0.44481573677378616,True,False
419,420,0,3,"Van Impe, Miss. Catharina",female,10.0,0,2,345773,24.15,,S,0.25922873581532424,False,False
420,421,0,3,"Gheorgheff, Mr. Stanio",male,,0,0,349254,7.8958,,C,0.551761104910702,False,False
421,422,0,3,"Charters, Mr. David",male,21.0,0,0,A/5. 13032,7.7333,,Q,0.26191570018458865,False,False
422,423,0,3,"Zimmerman, Mr. Leo",male,29.0,0,0,315082,7.875,,S,0.11072415949230185,True,False
423,424,0,3,"Danbom, Mrs. Ernst Gilbert (Anna Sigrid Maria Brogren)",female,28.0,1,1,347080,14.4,,S,0.5560540219490815,True,False
424,425,0,3,"Rosblom, Mr. Viktor Richard",male,18.0,1,1,370129,20.2125,,S,0.008968609410171968,False,False
425,426,0,3,"Wiseman, Mr. Phillippe",male,,0,0,A/4. 34244,7.25,,S,0.22962636850996354,False,False
426,427,1,2,"Clarke, Mrs. Charles V (Ada Maria Winfield)",female,28.0,1,0,2003,26.0,,S,0.5856961483731367,True,True
427,428,1,2,"Phillips, Miss. Kate Florence (""Mrs Kate Louise Phillips Marshall"")",female,19.0,0,0,250655,26.0,,S,0.5584865371340719,False,True
428,429,0,3,"Flynn, Mr. James",male,,0,0,364851,7.75,,Q,0.42104714495449425,False,False
429,430,1,3,"Pickard, Mr. Berk (Berk Trembisky)",male,32.0,0,0,SOTON/O.Q. 392078,8.05,E10,S,0.8622120098465031,True,True
430,431,1,1,"Bjornstrom-Steffansson, Mr. Mauritz Hakan",male,28.0,0,0,110564,26.55,C52,S,0.21778418698133062,True,True
431,432,1,3,"Thorneycroft, Mrs. Percival (Florence Kate White)",female,,1,0,376564,16.1,,S,0.5143042433214239,False,True
432,433,1,2,"Louch, Mrs. Charles Alexander (Alice Adelaide Slow)",female,42.0,1,0,SC/AH 3085,26.0,,S,0.5232266841110025,True,True
433,434,0,3,"Kallio, Mr. Nikolai Erland",male,17.0,0,0,STON/O 2. 3101274,7.125,,S,0.5768713127846701,False,False
434,435,0,1,"Silvey, Mr. William Baird",male,50.0,1,0,13507,55.9,E44,S,0.0933366066404967,True,False
435,436,1,1,"Carter, Miss. Lucile Polk",female,14.0,1,2,113760,120.0,B96 B98,S,0.08295451428210765,False,True
436,437,0,3,"Ford, Miss. Doolina Margaret ""Daisy""",female,21.0,2,2,W./C. 6608,34.375,,S,0.06765006552704267,False,False
437,438,1,2,"Richards, Mrs. Sidney (Emily Hocking)",female,24.0,2,3,29106,18.75,,S,0.4617220808069875,False,True
438,439,0,1,"Fortune, Mr. Mark",male,64.0,1,4,19950,263.0,C23 C25 C27,S,0.46466630343860593,True,False
439,440,0,2,"Kvillner, Mr. Johan Henrik Johannesson",male,31.0,0,0,C.A. 18723,10.5,,S,0.4265155940196802,True,False
440,441,1,2,"Hart, Mrs. Benjamin (Esther Ada Bloomfield)",female,45.0,1,1,F.C.C. 13529,26.25,,S,0.563014542779675,True,True
441,442,0,3,"Hampe, Mr. Leon",male,20.0,0,0,345769,9.5,,S,0.050692692611647105,False,False
442,443,0,3,"Petterson, Mr. Johan Emil",male,25.0,1,0,347076,7.775,,S,0.7523053101878068,False,False
443,444,1,2,"Reynaldo, Ms. Encarnacion",female,28.0,0,0,230434,13.0,,S,0.5887393055136311,True,True
444,445,1,3,"Johannesen-Bratthammer, Mr. Bernt",male,,0,0,65306,8.1125,,S,0.022268697532235704,False,True
445,446,1,1,"Dodge, Master. Washington",male,4.0,0,2,33638,81.8583,A34,S,0.5316758218503514,False,True
446,447,1,2,"Mellinger, Miss. Madeleine Violet",female,13.0,0,1,250644,19.5,,S,0.38562660976852337,False,True
447,448,1,1,"Seward, Mr. Frederic Kimber",male,34.0,0,0,113794,26.55,,S,0.46567641158949546,True,True
448,449,1,3,"Baclini, Miss. Marie Catherine",female,5.0,2,1,2666,19.2583,,C,0.5801247821474154,False,True
449,450,1,1,"Peuchen, Major. Arthur Godfrey",male,52.0,0,0,113786,30.5,C104,S,0.13773936030471812,True,True
450,451,0,2,"West, Mr. Edwy Arthur",male,36.0,1,2,C.A. 34651,27.75,,S,0.7652160495123502,True,False
451,452,0,3,"Hagland, Mr. Ingvald Olai Olsen",male,,1,0,65303,19.9667,,S,0.4613555793339368,False,False
452,453,0,1,"Foreman, Mr. Benjamin Laventall",male,30.0,0,0,113051,27.75,C111,C,0.15645648966003134,True,False
453,454,1,1,"Goldenberg, Mr. Samuel L",male,49.0,1,0,17453,89.1042,C92,C,0.990238052007815,True,True
454,455,0,3,"Peduzzi, Mr. Joseph",male,,0,0,A/5 2817,8.05,,S,0.40886690072350373,False,False
455,456,1,3,"Jalsevac, Mr. Ivan",male,29.0,0,0,349240,7.8958,,C,0.6251685993047088,True,True
456,457,0,1,"Millet, Mr. Francis Davis",male,65.0,0,0,13509,26.55,E38,S,0.610610942714899,True,False
457,458,1,1,"Kenyon, Mrs. Frederick R (Marion)",female,,1,0,17464,51.8625,D21,S,0.5282137098604041,False,True
458,459,1,2,"Toomey, Miss. Ellen",female,50.0,0,0,F.C.C. 13531,10.5,,S,0.9368309550763163,True,True
459,460,0,3,"O'Connor, Mr. Maurice",male,,0,0,371060,7.75,,Q,0.18134614162903295,False,False
460,461,1,1,"Anderson, Mr. Harry",male,48.0,0,0,19952,26.55,E12,S,0.6939574581323376,True,True
461,462,0,3,"Morley, Mr. William",male,34.0,0,0,364506,8.05,,S,0.30401104113707855,True,False
462,463,0,1,"Gee, Mr. Arthur H",male,47.0,0,0,111320,38.5,E63,S,0.19501122201087007,True,False
463,464,0,2,"Milling, Mr. Jacob Christian",male,48.0,0,0,234360,13.0,,S,0.9045443015811139,True,False
464,465,0,3,"Maisner, Mr. Simon",male,,0,0,A/S 2816,8.05,,S,0.6658585003219839,False,False
465,466,0,3,"Goncalves, Mr. Manuel Estanslas",male,38.0,0,0,SOTON/O.Q. 3101306,7.05,,S,0.9225099982831171,True,False
466,467,0,2,"Campbell, Mr. William",male,,0,0,239853,0.0,,S,0.19694994232438778,False,False
467,468,0,1,"Smart, Mr. John Montgomery",male,56.0,0,0,113792,26.55,,S,0.6605150439251944,True,False
468,469,0,3,"Scanlan, Mr. James",male,,0,0,36209,7.725,,Q,0.7118680286626536,False,False
469,470,1,3,"Baclini, Miss. Helene Barbara",female,0.75,2,1,2666,19.2583,,C,0.7206679577143446,False,True
470,471,0,3,"Keefe, Mr. Arthur",male,,0,0,323592,7.25,,S,0.573229501361015,False,False
471,472,0,3,"Cacic, Mr. Luka",male,38.0,0,0,315089,8.6625,,S,0.24138114232156616,True,False
472,473,1,2,"West, Mrs. Edwy Arthur (Ada Mary Worth)",female,33.0,1,2,C.A. 34651,27.75,,S,0.7570228537835585,True,True
473,474,1,2,"Jerwan, Mrs. Amin S (Marie Marthe Thuillard)",female,23.0,0,0,SC/AH Basle 541,13.7917,D,C,0.3576659160384963,False,True
474,475,0,3,"Strandberg, Miss. Ida Sofia",female,22.0,0,0,7553,9.8375,,S,0.5325102019743868,False,False
475,476,0,1,"Clifford, Mr. George Quincy",male,,0,0,110465,52.0,A14,S,0.14147952723773027,False,False
476,477,0,2,"Renouf, Mr. Peter Henry",male,34.0,1,0,31027,21.0,,S,0.833667471797314,True,False
477,478,0,3,"Braund, Mr. Lewis Richard",male,29.0,1,0,3460,7.0458,,S,0.39939906279564863,True,False
478,479,0,3,"Karlsson, Mr. Nils August",male,22.0,0,0,350060,7.5208,,S,0.9770681484574717,False,False
479,480,1,3,"Hirvonen, Miss. Hildur E",female,2.0,0,1,3101298,12.2875,,S,0.4171450961812828,False,True
480,481,0,3,"Goodwin, Master. Harold Victor",male,9.0,5,2,CA 2144,46.9,,S,0.5728709204427554,False,False
481,482,0,2,"Frost, Mr. Anthony Wood ""Archie""",male,,0,0,239854,0.0,,S,0.9841989107447355,False,False
482,483,0,3,"Rouse, Mr. Richard Henry",male,50.0,0,0,A/5 3594,8.05,,S,0.22019779763544944,True,False
483,484,1,3,"Turkula, Mrs. (Hedwig)",female,63.0,0,0,4134,9.5875,,S,0.5869191336524727,True,True
484,485,1,1,"Bishop, Mr. Dickinson H",male,25.0,1,0,11967,91.0792,B49,C,0.1945304281778013,False,True
485,486,0,3,"Lefebre, Miss. Jeannie",female,,3,1,4133,25.4667,,S,0.8163112915474172,False,False
486,487,1,1,"Hoyt, Mrs. Frederick Maxfield (Jane Anne Forby)",female,35.0,1,0,19943,90.0,C93,S,0.3453417792411344,True,True
487,488,0,1,"Kent, Mr. Edward Austin",male,58.0,0,0,11771,29.7,B37,C,0.04560979360311068,True,False
488,489,0,3,"Somerton, Mr. Francis William",male,30.0,0,0,A.5. 18509,8.05,,S,0.5769733063979514,True,False
489,490,1,3,"Coutts, Master. Eden Leslie ""Neville""",male,9.0,1,1,C.A. 37671,15.9,,S,0.8647528128006629,False,True
490,491,0,3,"Hagland, Mr. Konrad Mathias Reiersen",male,,1,0,65304,19.9667,,S,0.12924475155288562,False,False
491,492,0,3,"Windelov, Mr. Einar",male,21.0,0,0,SOTON/OQ 3101317,7.25,,S,0.10657025402961529,False,False
492,493,0,1,"Molson, Mr. Harry Markland",male,55.0,0,0,113787,30.5,C30,S,0.8339811814598566,True,False
493,494,0,1,"Artagaveytia, Mr. Ramon",male,71.0,0,0,PC 17609,49.5042,,C,0.5280953212564149,True,False
494,495,0,3,"Stanley, Mr. Edward Roland",male,21.0,0,0,A/4 45380,8.05,,S,0.0854287367527401,False,False
495,496,0,3,"Yousseff, Mr. Gerious",male,,0,0,2627,14.4583,,C,0.016169467830077777,False,False
496,497,1,1,"Eustis, Miss. Elizabeth Mussey",female,54.0,1,0,36947,78.2667,D20,C,0.742993460049806,True,True
497,498,0,3,"Shellard, Mr. Frederick William",male,,0,0,C.A. 6212,15.1,,S,0.29394236879321867,False,False
498,499,0,1,"Allison, Mrs. Hudson J C (Bessie Waldo Daniels)",female,25.0,1,2,113781,151.55,C22 C26,S,0.7025110222204931,False,False
499,500,0,3,"Svensson, Mr. Olof",male,24.0,0,0,350035,7.7958,,S,0.34890640862709554,False,False
500,501,0,3,"Calic, Mr. Petar",male,17.0,0,0,315086,8.6625,,S,0.544012836436426,False,False
501,502,0,3,"Canavan, Miss. Mary",female,21.0,0,0,364846,7.75,,Q,0.24431939983863804,False,False
502,503,0,3,"O'Sullivan, Miss. Bridget Mary",female,,0,0,330909,7.6292,,Q,0.4733620722130646,False,False
503,504,0,3,"Laitinen, Miss. Kristina Sofia",female,37.0,0,0,4135,9.5875,,S,0.90321432245978,True,False
504,505,1,1,"Maioni, Miss. Roberta",female,16.0,0,0,110152,86.5,B79,S,0.06754956996125383,False,True
505,506,0,1,"Penasco y Castellana, Mr. Victor de Satode",male,18.0,1,0,PC 17758,108.9,C65,C,0.4490178826022232,False,False
506,507,1,2,"Quick, Mrs. Frederick Charles (Jane Richards)",female,33.0,0,2,26360,26.0,,S,0.24147311055907106,True,True
507,508,1,1,"Bradley, Mr. George (""George Arthur Brayton"")",male,,0,0,111427,26.55,,S,0.7468720717734274,False,True
508,509,0,3,"Olsen, Mr. Henry Margido",male,28.0,0,0,C 4001,22.525,,S,0.4665176664017655,True,False
509,510,1,3,"Lang, Mr. Fang",male,26.0,0,0,1601,56.4958,,S,0.8404751074878933,True,True
510,511,1,3,"Daly, Mr. Eugene Patrick",male,29.0,0,0,382651,7.75,,Q,0.6175760169670742,True,True
511,512,0,3,"Webber, Mr. James",male,,0,0,SOTON/OQ 3101316,8.05,,S,0.6747321915706049,False,False
512,513,1,1,"McGough, Mr. James Robert",male,36.0,0,0,PC 17473,26.2875,E25,S,0.11221202837393163,True,True
513,514,1,1,"Rothschild, Mrs. Martin (Elizabeth L. Barrett)",female,54.0,1,0,PC 17603,59.4,,C,0.2468606689176711,True,True
514,515,0,3,"Coleff, Mr. Satio",male,24.0,0,0,349209,7.4958,,S,0.36488007023424074,False,False
515,516,0,1,"Walker, Mr. William Anderson",male,47.0,0,0,36967,34.0208,D46,S,0.5586626366232276,True,False
516,517,1,2,"Lemore, Mrs. (Amelia Milley)",female,34.0,0,0,C.A. 34260,10.5,F33,S,0.05300166817592389,True,True
517,518,0,3,"Ryan, Mr. Patrick",male,,0,0,371110,24.15,,Q,0.3079293803981886,False,False
518,519,1,2,"Angle, Mrs. William A (Florence ""Mary"" Agnes Hughes)",female,36.0,1,0,226875,26.0,,S,0.6440822446458533,True,True
519,520,0,3,"Pavlovic, Mr. Stefo",male,32.0,0,0,349242,7.8958,,S,0.7030416457734898,True,False
520,521,1,1,"Perreault, Miss. Anne",female,30.0,0,0,12749,93.5,B73,S,0.5598687605682662,True,True
521,522,0,3,"Vovk, Mr. Janko",male,22.0,0,0,349252,7.8958,,S,0.5604919916076228,False,False
522,523,0,3,"Lahoud, Mr. Sarkis",male,,0,0,2624,7.225,,C,0.4004121573207585,False,False
523,524,1,1,"Hippach, Mrs. Louis Albert (Ida Sophia Fischer)",female,44.0,0,1,111361,57.9792,B18,C,0.5999161516245359,True,True
524,525,0,3,"Kassem, Mr. Fared",male,,0,0,2700,7.2292,,C,0.559443616836188,False,False
525,526,0,3,"Farrell, Mr. James",male,40.5,0,0,367232,7.75,,Q,0.06904862485665986,True,False
526,527,1,2,"Ridsdale, Miss. Lucy",female,50.0,0,0,W./C. 14258,10.5,,S,0.6131825959024784,True,True
527,528,0,1,"Farthing, Mr. John",male,,0,0,PC 17483,221.7792,C95,S,0.31278488724820963,False,False
528,529,0,3,"Salonen, Mr. Johan Werner",male,39.0,0,0,3101296,7.925,,S,0.4842755754336763,True,False
529,530,0,2,"Hocking, Mr. Richard George",male,23.0,2,1,29104,11.5,,S,0.5876393024363495,False,False
530,531,1,2,"Quick, Miss. Phyllis May",female,2.0,1,1,26360,26.0,,S,0.18765695887995404,False,True
531,532,0,3,"Toufik, Mr. Nakli",male,,0,0,2641,7.2292,,C,0.35485171579846975,False,False
532,533,0,3,"Elias, Mr. Joseph Jr",male,17.0,1,1,2690,7.2292,,C,0.9853805897897299,False,False
533,534,1,3,"Peter, Mrs. Catherine (Catherine Rizk)",female,,0,2,2668,22.3583,,C,0.8352664180475973,False,True
534,535,0,3,"Cacic, Miss. Marija",female,30.0,0,0,315084,8.6625,,S,0.09341868491701943,True,False
535,536,1,2,"Hart, Miss. Eva Miriam",female,7.0,0,2,F.C.C. 13529,26.25,,S,0.18621221347625017,False,True
536,537,0,1,"Butt, Major. Archibald Willingham",male,45.0,0,0,113050,26.55,B38,S,0.800347881968026,True,False
537,538,1,1,"LeRoy, Miss. Bertha",female,30.0,0,0,PC 17761,106.425,,C,0.4345943772990526,True,True
538,539,0,3,"Risien, Mr. Samuel Beard",male,,0,0,364498,14.5,,S,0.09929421565938856,False,False
539,540,1,1,"Frolicher, Miss. Hedwig Margaritha",female,22.0,0,2,13568,49.5,B39,C,0.8751217830333251,False,True
540,541,1,1,"Crosby, Miss. Harriet R",female,36.0,0,2,WE/P 5735,71.0,B22,S,0.10805421623310196,True,True
541,542,0,3,"Andersson, Miss. Ingeborg Constanzia",female,9.0,4,2,347082,31.275,,S,0.5626471621788813,False,False
542,543,0,3,"Andersson, Miss. Sigrid Elisabeth",female,11.0,4,2,347082,31.275,,S,0.860414668433627,False,False
543,544,1,2,"Beane, Mr. Edward",male,32.0,1,0,2908,26.0,,S,0.252003644110537,True,True
544,545,0,1,"Douglas, Mr. Walter Donald",male,50.0,1,0,PC 17761,106.425,C86,C,0.377321968466787,True,False
545,546,0,1,"Nicholson, Mr. Arthur Ernest",male,64.0,0,0,693,26.0,,S,0.69959185460777,True,False
546,547,1,2,"Beane, Mrs. Edward (Ethel Clarke)",female,19.0,1,0,2908,26.0,,S,0.8208869536325752,False,True
547,548,1,2,"Padro y Manent, Mr. Julian",male,,0,0,SC/PARIS 2146,13.8625,,C,0.8505412183422333,False,True
548,549,0,3,"Goldsmith, Mr. Frank John",male,33.0,1,1,363291,20.525,,S,0.03206919885724313,True,False
549,550,1,2,"Davies, Master. John Morgan Jr",male,8.0,1,1,C.A. 33112,36.75,,S,0.8755975968450727,False,True
550,551,1,1,"Thayer, Mr. John Borland Jr",male,17.0,0,2,17421,110.8833,C70,C,0.04969099163293389,False,True
551,552,0,2,"Sharp, Mr. Percival James R",male,27.0,0,0,244358,26.0,,S,0.5628647072777002,True,False
552,553,0,3,"O'Brien, Mr. Timothy",male,,0,0,330979,7.8292,,Q,0.5189875309800184,False,False
553,554,1,3,"Leeni, Mr. Fahim (""Philip Zenni"")",male,22.0,0,0,2620,7.225,,C,0.47340337695767587,False,True
554,555,1,3,"Ohman, Miss. Velin",female,22.0,0,0,347085,7.775,,S,0.5031036699607634,False,True
555,556,0,1,"Wright, Mr. George",male,62.0,0,0,113807,26.55,,S,0.17425178390256002,True,False
556,557,1,1,"Duff Gordon, Lady. (Lucille Christiana Sutherland) (""Mrs Morgan"")",female,48.0,1,0,11755,39.6,A16,C,0.7319161024304874,True,True
557,558,0,1,"Robbins, Mr. Victor",male,,0,0,PC 17757,227.525,,C,0.9139553036510543,False,False
558,559,1,1,"Taussig, Mrs. Emil (Tillie Mandelbaum)",female,39.0,1,1,110413,79.65,E67,S,0.06982244762505851,True,True
559,560,1,3,"de Messemaeker, Mrs. Guillaume Joseph (Emma)",female,36.0,1,0,345572,17.4,,S,0.1734888329656501,True,True
560,561,0,3,"Morrow, Mr. Thomas Rowan",male,,0,0,372622,7.75,,Q,0.06621696842601488,False,False
561,562,0,3,"Sivic, Mr. Husein",male,40.0,0,0,349251,7.8958,,S,0.9637988907024827,True,False
562,563,0,2,"Norman, Mr. Robert Douglas",male,28.0,0,0,218629,13.5,,S,0.9537370121549642,True,False
563,564,0,3,"Simmons, Mr. John",male,,0,0,SOTON/OQ 392082,8.05,,S,0.774999691769825,False,False
564,565,0,3,"Meanwell, Miss. (Marion Ogden)",female,,0,0,SOTON/O.Q. 392087,8.05,,S,0.3720054332313374,False,False
565,566,0,3,"Davies, Mr. Alfred J",male,24.0,2,0,A/4 48871,24.15,,S,0.3759889372717209,False,False
566,567,0,3,"Stoytcheff, Mr. Ilia",male,19.0,0,0,349205,7.8958,,S,0.43850081212353775,False,False
567,568,0,3,"Palsson, Mrs. Nils (Alma Cornelia Berglund)",female,29.0,0,4,349909,21.075,,S,0.5003850163574307,True,False
568,569,0,3,"Doharr, Mr. Tannous",male,,0,0,2686,7.2292,,C,0.979406407870071,False,False
569,570,1,3,"Jonsson, Mr. Carl",male,32.0,0,0,350417,7.8542,,S,0.22233078190918165,True,True
570,571,1,2,"Harris, Mr. George",male,62.0,0,0,S.W./PP 752,10.5,,S,0.9107307809449895,True,True
571,572,1,1,"Appleton, Mrs. Edward Dale (Charlotte Lamson)",female,53.0,2,0,11769,51.4792,C101,S,0.6145044531543733,True,True
572,573,1,1,"Flynn, Mr. John Irwin (""Irving"")",male,36.0,0,0,PC 17474,26.3875,E25,S,0.5870783338678233,True,True
573,574,1,3,"Kelly, Miss. Mary",female,,0,0,14312,7.75,,Q,0.510855468877295,False,True
574,575,0,3,"Rush, Mr. Alfred George John",male,16.0,0,0,A/4. 20589,8.05,,S,0.17332536096284545,False,False
575,576,0,3,"Patchett, Mr. George",male,19.0,0,0,358585,14.5,,S,0.5301631850128574,False,False
576,577,1,2,"Garside, Miss. Ethel",female,34.0,0,0,243880,13.0,,S,0.9981938953382199,True,True
577,578,1,1,"Silvey, Mrs. William Baird (Alice Munger)",female,39.0,1,0,13507,55.9,E44,S,0.3464883866468198,True,True
578,579,0,3,"Caram, Mrs. Joseph (Maria Elias)",female,,1,0,2689,14.4583,,C,0.6748503357100093,False,False
579,580,1,3,"Jussila, Mr. Eiriik",male,32.0,0,0,STON/O 2. 3101286,7.925,,S,0.39684873307390256,True,True
580,581,1,2,"Christy, Miss. Julie Rachel",female,25.0,1,1,237789,30.0,,S,0.04456972889234867,False,True
581,582,1,1,"Thayer, Mrs. John Borland (Marian Longstreth Morris)",female,39.0,1,1,17421,110.8833,C68,C,0.6090773542108866,True,True
582,583,0,2,"Downton, Mr. William James",male,54.0,0,0,28403,26.0,,S,0.297746416769351,True,False
583,584,0,1,"Ross, Mr. John Hugo",male,36.0,0,0,13049,40.125,A10,C,0.43209486998057345,True,False
584,585,0,3,"Paulner, Mr. Uscher",male,,0,0,3411,8.7125,,C,0.13800570399880352,False,False
585,586,1,1,"Taussig, Miss. Ruth",female,18.0,0,2,110413,79.65,E68,S,0.2667650086472503,False,True
586,587,0,2,"Jarvis, Mr. John Denzil",male,47.0,0,0,237565,15.0,,S,0.664010085626082,True,False
587,588,1,1,"Frolicher-Stehli, Mr. Maxmillian",male,60.0,1,1,13567,79.2,B41,C,0.43192339515131006,True,True
588,589,0,3,"Gilinski, Mr. Eliezer",male,22.0,0,0,14973,8.05,,S,0.9729195810200036,False,False
589,590,0,3,"Murdlin, Mr. Joseph",male,,0,0,A./5. 3235,8.05,,S,0.26192752709941713,False,False
590,591,0,3,"Rintamaki, Mr. Matti",male,35.0,0,0,STON/O 2. 3101273,7.125,,S,0.3022956763483563,True,False
591,592,1,1,"Stephenson, Mrs. Walter Bertram (Martha Eustis)",female,52.0,1,0,36947,78.2667,D20,C,0.5989043084616972,True,True
592,593,0,3,"Elsbury, Mr. William James",male,47.0,0,0,A/5 3902,7.25,,S,0.9498427543987943,True,False
593,594,0,3,"Bourke, Miss. Mary",female,,0,2,364848,7.75,,Q,0.5504286350939014,False,False
594,595,0,2,"Chapman, Mr. John Henry",male,37.0,1,0,SC/AH 29037,26.0,,S,0.9603770546982936,True,False
595,596,0,3,"Van Impe, Mr. Jean Baptiste",male,36.0,1,1,345773,24.15,,S,0.2594721678213926,True,False
596,597,1,2,"Leitch, Miss. Jessie Wills",female,,0,0,248727,33.0,,S,0.6272163016632042,False,True
597,598,0,3,"Johnson, Mr. Alfred",male,49.0,0,0,LINE,0.0,,S,0.37718629966349604,True,False
598,599,0,3,"Boulos, Mr. Hanna",male,,0,0,2664,7.225,,C,0.30695716717187604,False,False
599,600,1,1,"Duff Gordon, Sir. Cosmo Edmund (""Mr Morgan"")",male,49.0,1,0,PC 17485,56.9292,A20,C,0.930922428727066,True,True
600,601,1,2,"Jacobsohn, Mrs. Sidney Samuel (Amy Frances Christy)",female,24.0,2,1,243847,27.0,,S,0.764127287807195,False,True
601,602,0,3,"Slabenoff, Mr. Petco",male,,0,0,349214,7.8958,,S,0.9342655700121578,False,False
602,603,0,1,"Harrington, Mr. Charles H",male,,0,0,113796,42.4,,S,0.5423136910166114,False,False
603,604,0,3,"Torber, Mr. Ernst William",male,44.0,0,0,364511,8.05,,S,0.46817563508142646,True,False
604,605,1,1,"Homer, Mr. Harry (""Mr E Haven"")",male,35.0,0,0,111426,26.55,,C,0.21462535615086886,True,True
605,606,0,3,"Lindell, Mr. Edvard Bengtsson",male,36.0,1,0,349910,15.55,,S,0.19768367292221445,True,False
606,607,0,3,"Karaic, Mr. Milan",male,30.0,0,0,349246,7.8958,,S,0.7215412561049515,True,False
607,608,1,1,"Daniel, Mr. Robert Williams",male,27.0,0,0,113804,30.5,,S,0.7445956536766238,True,True
608,609,1,2,"Laroche, Mrs. Joseph (Juliette Marie Louise Lafargue)",female,22.0,1,2,SC/Paris 2123,41.5792,,C,0.20298802290482265,False,True
609,610,1,1,"Shutes, Miss. Elizabeth W",female,40.0,0,0,PC 17582,153.4625,C125,S,0.4676149046277991,True,True
610,611,0,3,"Andersson, Mrs. Anders Johan (Alfrida Konstantia Brogren)",female,39.0,1,5,347082,31.275,,S,0.7197612612718647,True,False
611,612,0,3,"Jardin, Mr. Jose Neto",male,,0,0,SOTON/O.Q. 3101305,7.05,,S,0.7496628628788403,False,False
612,613,1,3,"Murphy, Miss. Margaret Jane",female,,1,0,367230,15.5,,Q,0.02142291378627703,False,True
613,614,0,3,"Horgan, Mr. John",male,,0,0,370377,7.75,,Q,0.9979253415836461,False,False
614,615,0,3,"Brocklebank, Mr. William Alfred",male,35.0,0,0,364512,8.05,,S,0.5058754317215549,True,False
615,616,1,2,"Herman, Miss. Alice",female,24.0,1,2,220845,65.0,,S,0.3259694858140919,False,True
616,617,0,3,"Danbom, Mr. Ernst Gilbert",male,34.0,1,1,347080,14.4,,S,0.5582401710339246,True,False
617,618,0,3,"Lobb, Mrs. William Arthur (Cordelia K Stanlick)",female,26.0,1,0,A/5. 3336,16.1,,S,0.36856700083726457,True,False
618,619,1,2,"Becker, Miss. Marion Louise",female,4.0,2,1,230136,39.0,F4,S,0.08198313132243418,False,True
619,620,0,2,"Gavey, Mr. Lawrence",male,26.0,0,0,31028,10.5,,S,0.5129694769554677,True,False
620,621,0,3,"Yasbeck, Mr. Antoni",male,27.0,1,0,2659,14.4542,,C,0.7954050057321131,True,False
621,622,1,1,"Kimball, Mr. Edwin Nelson Jr",male,42.0,1,0,11753,52.5542,D19,S,0.6584792049135255,True,True
622,623,1,3,"Nakid, Mr. Sahid",male,20.0,1,1,2653,15.7417,,C,0.4368128547853187,False,True
623,624,0,3,"Hansen, Mr. Henry Damsgaard",male,21.0,0,0,350029,7.8542,,S,0.40416435006569307,False,False
624,625,0,3,"Bowen, Mr. David John ""Dai""",male,21.0,0,0,54636,16.1,,S,0.2316781608892503,False,False
625,626,0,1,"Sutton, Mr. Frederick",male,61.0,0,0,36963,32.3208,D50,S,0.0691383254085759,True,False
626,627,0,2,"Kirkland, Rev. Charles Leonard",male,57.0,0,0,219533,12.35,,Q,0.2567823678556497,True,False
627,628,1,1,"Longley, Miss. Gretchen Fiske",female,21.0,0,0,13502,77.9583,D9,S,0.9230186145434371,False,True
628,629,0,3,"Bostandyeff, Mr. Guentcho",male,26.0,0,0,349224,7.8958,,S,0.2748178402996483,True,False
629,630,0,3,"O'Connell, Mr. Patrick D",male,,0,0,334912,7.7333,,Q,0.7186232757903142,False,False
630,631,1,1,"Barkworth, Mr. Algernon Henry Wilson",male,80.0,0,0,27042,30.0,A23,S,0.44646810706932694,True,True
631,632,0,3,"Lundahl, Mr. Johan Svensson",male,51.0,0,0,347743,7.0542,,S,0.931491607456329,True,False
632,633,1,1,"Stahelin-Maeglin, Dr. Max",male,32.0,0,0,13214,30.5,B50,C,0.6405818752419251,True,True
633,634,0,1,"Parr, Mr. William Henry Marsh",male,,0,0,112052,0.0,,S,0.4777369592367646,False,False
634,635,0,3,"Skoog, Miss. Mabel",female,9.0,3,2,347088,27.9,,S,0.05507948851358058,False,False
635,636,1,2,"Davis, Miss. Mary",female,28.0,0,0,237668,13.0,,S,0.4002227940753744,True,True
636,637,0,3,"Leinonen, Mr. Antti Gustaf",male,32.0,0,0,STON/O 2. 3101292,7.925,,S,0.8139542421637246,True,False
637,638,0,2,"Collyer, Mr. Harvey",male,31.0,1,1,C.A. 31921,26.25,,S,0.6677000026976025,True,False
638,639,0,3,"Panula, Mrs. Juha (Maria Emilia Ojala)",female,41.0,0,5,3101295,39.6875,,S,0.34422443378971157,True,False
639,640,0,3,"Thorneycroft, Mr. Percival",male,,1,0,376564,16.1,,S,0.2471607834651638,False,False
640,641,0,3,"Jensen, Mr. Hans Peder",male,20.0,0,0,350050,7.8542,,S,0.40761734773834624,False,False
641,642,1,1,"Sagesser, Mlle. Emma",female,24.0,0,0,PC 17477,69.3,B35,C,0.7295467989656808,False,True
642,643,0,3,"Skoog, Miss. Margit Elizabeth",female,2.0,3,2,347088,27.9,,S,0.6840850899795939,False,False
643,644,1,3,"Foo, Mr. Choong",male,,0,0,1601,56.4958,,S,0.300847643014411,False,True
644,645,1,3,"Baclini, Miss. Eugenie",female,0.75,2,1,2666,19.2583,,C,0.5174349772606178,False,True
645,646,1,1,"Harper, Mr. Henry Sleeper",male,48.0,1,0,PC 17572,76.7292,D33,C,0.7231728369738618,True,True
646,647,0,3,"Cor, Mr. Liudevit",male,19.0,0,0,349231,7.8958,,S,0.718603057623787,False,False
647,648,1,1,"Simonius-Blumer, Col. Oberst Alfons",male,56.0,0,0,13213,35.5,A26,C,0.789136614145075,True,True
648,649,0,3,"Willey, Mr. Edward",male,,0,0,S.O./P.P. 751,7.55,,S,0.7262556331418301,False,False
649,650,1,3,"Stanley, Miss. Amy Zillah Elsie",female,23.0,0,0,CA. 2314,7.55,,S,0.5747365311104372,False,True
650,651,0,3,"Mitkoff, Mr. Mito",male,,0,0,349221,7.8958,,S,0.6962884872897968,False,False
651,652,1,2,"Doling, Miss. Elsie",female,18.0,0,1,231919,23.0,,S,0.7966558393128913,False,True
652,653,0,3,"Kalvik, Mr. Johannes Halvorsen",male,21.0,0,0,8475,8.433300000000001,,S,0.7739224126549761,False,False
653,654,1,3,"O'Leary, Miss. Hanora ""Norah""",female,,0,0,330919,7.8292,,Q,0.4241526744656898,False,True
654,655,0,3,"Hegarty, Miss. Hanora ""Nora""",female,18.0,0,0,365226,6.75,,Q,0.39075140118339613,False,False
655,656,0,2,"Hickman, Mr. Leonard Mark",male,24.0,2,0,S.O.C. 14879,73.5,,S,0.755842241936246,False,False
656,657,0,3,"Radeff, Mr. Alexander",male,,0,0,349223,7.8958,,S,0.36535676406418194,False,False
657,658,0,3,"Bourke, Mrs. John (Catherine)",female,32.0,1,1,364849,15.5,,Q,0.03921051045482826,True,False
658,659,0,2,"Eitemiller, Mr. George Floyd",male,23.0,0,0,29751,13.0,,S,0.1732862086226875,False,False
659,660,0,1,"Newell, Mr. Arthur Webster",male,58.0,0,2,35273,113.275,D48,C,0.11809743470146816,True,False
660,661,1,1,"Frauenthal, Dr. Henry William",male,50.0,2,0,PC 17611,133.65,,S,0.3698133003736789,True,True
661,662,0,3,"Badt, Mr. Mohamed",male,40.0,0,0,2623,7.225,,C,0.5426769205321699,True,False
662,663,0,1,"Colley, Mr. Edward Pomeroy",male,47.0,0,0,5727,25.5875,E58,S,0.7101597493339946,True,False
663,664,0,3,"Coleff, Mr. Peju",male,36.0,0,0,349210,7.4958,,S,0.9984430503658334,True,False
664,665,1,3,"Lindqvist, Mr. Eino William",male,20.0,1,0,STON/O 2. 3101285,7.925,,S,0.6912999837658546,False,True
665,666,0,2,"Hickman, Mr. Lewis",male,32.0,2,0,S.O.C. 14879,73.5,,S,0.3350303199109683,True,False
666,667,0,2,"Butler, Mr. Reginald Fenton",male,25.0,0,0,234686,13.0,,S,0.7393658029750372,False,False
667,668,0,3,"Rommetvedt, Mr. Knud Paust",male,,0,0,312993,7.775,,S,0.7385699158510738,False,False
668,669,0,3,"Cook, Mr. Jacob",male,43.0,0,0,A/5 3536,8.05,,S,0.7629736624852802,True,False
669,670,1,1,"Taylor, Mrs. Elmer Zebley (Juliet Cummins Wright)",female,,1,0,19996,52.0,C126,S,0.1872563442102445,False,True
670,671,1,2,"Brown, Mrs. Thomas William Solomon (Elizabeth Catherine Ford)",female,40.0,1,1,29750,39.0,,S,0.15426304223665976,True,True
671,672,0,1,"Davidson, Mr. Thornton",male,31.0,1,0,F.C. 12750,52.0,B71,S,0.094389783293096,True,False
672,673,0,2,"Mitchell, Mr. Henry Michael",male,70.0,0,0,C.A. 24580,10.5,,S,0.9663866906518532,True,False
673,674,1,2,"Wilhelms, Mr. Charles",male,31.0,0,0,244270,13.0,,S,0.3727275882697939,True,True
674,675,0,2,"Watson, Mr. Ennis Hastings",male,,0,0,239856,0.0,,S,0.23882881305280756,False,False
675,676,0,3,"Edvardsson, Mr. Gustaf Hjalmar",male,18.0,0,0,349912,7.775,,S,0.4072211733826572,False,False
676,677,0,3,"Sawyer, Mr. Frederick Charles",male,24.5,0,0,342826,8.05,,S,0.7561586104206494,False,False
677,678,1,3,"Turja, Miss. Anna Sofia",female,18.0,0,0,4138,9.8417,,S,0.8910922033731041,False,True
678,679,0,3,"Goodwin, Mrs. Frederick (Augusta Tyler)",female,43.0,1,6,CA 2144,46.9,,S,0.4819112602646688,True,False
679,680,1,1,"Cardeza, Mr. Thomas Drake Martinez",male,36.0,0,1,PC 17755,512.3292,B51 B53 B55,C,0.37312212405384126,True,True
680,681,0,3,"Peters, Miss. Katie",female,,0,0,330935,8.1375,,Q,0.6070744694508072,False,False
681,682,1,1,"Hassab, Mr. Hammad",male,27.0,0,0,PC 17572,76.7292,D49,C,0.00490399670989472,True,True
682,683,0,3,"Olsvigen, Mr. Thor Anderson",male,20.0,0,0,6563,9.225,,S,0.8288784834924798,False,False
683,684,0,3,"Goodwin, Mr. Charles Edward",male,14.0,5,2,CA 2144,46.9,,S,0.03833333237168368,False,False
684,685,0,2,"Brown, Mr. Thomas William Solomon",male,60.0,1,1,29750,39.0,,S,0.6162269235444455,True,False
685,686,0,2,"Laroche, Mr. Joseph Philippe Lemercier",male,25.0,1,2,SC/Paris 2123,41.5792,,C,0.6447807409155328,False,False
686,687,0,3,"Panula, Mr. Jaako Arnold",male,14.0,4,1,3101295,39.6875,,S,0.624725438377362,False,False
687,688,0,3,"Dakic, Mr. Branko",male,19.0,0,0,349228,10.1708,,S,0.9761700112971408,False,False
688,689,0,3,"Fischer, Mr. Eberhard Thelander",male,18.0,0,0,350036,7.7958,,S,0.9962784760404004,False,False
689,690,1,1,"Madill, Miss. Georgette Alexandra",female,15.0,0,1,24160,211.3375,B5,S,0.46061409388736496,False,True
690,691,1,1,"Dick, Mr. Albert Adrian",male,31.0,1,0,17474,57.0,B20,S,0.4498452713951957,True,True
691,692,1,3,"Karun, Miss. Manca",female,4.0,0,1,349256,13.4167,,C,0.431852985336576,False,True
692,693,1,3,"Lam, Mr. Ali",male,,0,0,1601,56.4958,,S,0.33683566287929445,False,True
693,694,0,3,"Saad, Mr. Khalil",male,25.0,0,0,2672,7.225,,C,0.07184105878664782,False,False
694,695,0,1,"Weir, Col. John",male,60.0,0,0,113800,26.55,,S,0.8833921961973086,True,False
695,696,0,2,"Chapman, Mr. Charles Henry",male,52.0,0,0,248731,13.5,,S,0.4882050977597956,True,False
696,697,0,3,"Kelly, Mr. James",male,44.0,0,0,363592,8.05,,S,0.05610958799171173,True,False
697,698,1,3,"Mullens, Miss. Katherine ""Katie""",female,,0,0,35852,7.7333,,Q,0.1388432285519665,False,True
698,699,0,1,"Thayer, Mr. John Borland",male,49.0,1,1,17421,110.8833,C68,C,0.47640714112945226,True,False
699,700,0,3,"Humblen, Mr. Adolf Mathias Nicolai Olsen",male,42.0,0,0,348121,7.65,F G63,S,0.029482775635399805,True,False
700,701,1,1,"Astor, Mrs. John Jacob (Madeleine Talmadge Force)",female,18.0,1,0,PC 17757,227.525,C62 C64,C,0.0590439999343948,False,True
701,702,1,1,"Silverthorne, Mr. Spencer Victor",male,35.0,0,0,PC 17475,26.2875,E24,S,0.2766395443219797,True,True
702,703,0,3,"Barbara, Miss. Saiide",female,18.0,0,1,2691,14.4542,,C,0.07431944690742953,False,False
703,704,0,3,"Gallagher, Mr. Martin",male,25.0,0,0,36864,7.7417,,Q,0.8464141068044421,False,False
704,705,0,3,"Hansen, Mr. Henrik Juul",male,26.0,1,0,350025,7.8542,,S,0.8632900303411792,True,False
705,706,0,2,"Morley, Mr. Henry Samuel (""Mr Henry Marshall"")",male,39.0,0,0,250655,26.0,,S,0.4820950686411567,True,False
706,707,1,2,"Kelly, Mrs. Florence ""Fannie""",female,45.0,0,0,223596,13.5,,S,0.6960161921753165,True,True
707,708,1,1,"Calderhead, Mr. Edward Pennington",male,42.0,0,0,PC 17476,26.2875,E24,S,0.8576742037559604,True,True
708,709,1,1,"Cleaver, Miss. Alice",female,22.0,0,0,113781,151.55,,S,0.7186414135960241,False,True
709,710,1,3,"Moubarek, Master. Halim Gonios (""William George"")",male,,1,1,2661,15.2458,,C,0.09021832297083887,False,True
710,711,1,1,"Mayne, Mlle. Berthe Antonine (""Mrs de Villiers"")",female,24.0,0,0,PC 17482,49.5042,C90,C,0.5925672576605111,False,True
711,712,0,1,"Klaber, Mr. Herman",male,,0,0,113028,26.55,C124,S,0.750669744724197,False,False
712,713,1,1,"Taylor, Mr. Elmer Zebley",male,48.0,1,0,19996,52.0,C126,S,0.07553268568576621,True,True
713,714,0,3,"Larsson, Mr. August Viktor",male,29.0,0,0,7545,9.4833,,S,0.5151991635772084,True,False
714,715,0,2,"Greenberg, Mr. Samuel",male,52.0,0,0,250647,13.0,,S,0.22448632723663164,True,False
715,716,0,3,"Soholt, Mr. Peter Andreas Lauritz Andersen",male,19.0,0,0,348124,7.65,F G73,S,0.21001538485816162,False,False
716,717,1,1,"Endres, Miss. Caroline Louise",female,38.0,0,0,PC 17757,227.525,C45,C,0.9217113192912096,True,True
717,718,1,2,"Troutt, Miss. Edwina Celia ""Winnie""",female,27.0,0,0,34218,10.5,E101,S,0.03307919125981096,True,True
718,719,0,3,"McEvoy, Mr. Michael",male,,0,0,36568,15.5,,Q,0.21508225371492817,False,False
719,720,0,3,"Johnson, Mr. Malkolm Joackim",male,33.0,0,0,347062,7.775,,S,0.9172035010109156,True,False
720,721,1,2,"Harper, Miss. Annie Jessie ""Nina""",female,6.0,0,1,248727,33.0,,S,0.887951480841637,False,True
721,722,0,3,"Jensen, Mr. Svend Lauritz",male,17.0,1,0,350048,7.0542,,S,0.9172241307245311,False,False
722,723,0,2,"Gillespie, Mr. William Henry",male,34.0,0,0,12233,13.0,,S,0.064101177783077,True,False
723,724,0,2,"Hodges, Mr. Henry Price",male,50.0,0,0,250643,13.0,,S,0.48483824940621445,True,False
724,725,1,1,"Chambers, Mr. Norman Campbell",male,27.0,1,0,113806,53.1,E8,S,0.44577996890136307,True,True
725,726,0,3,"Oreskovic, Mr. Luka",male,20.0,0,0,315094,8.6625,,S,0.8134414822739714,False,False
726,727,1,2,"Renouf, Mrs. Peter Henry (Lillian Jefferys)",female,30.0,3,0,31027,21.0,,S,0.21898039116607393,True,True
727,728,1,3,"Mannion, Miss. Margareth",female,,0,0,36866,7.7375,,Q,0.7565107610535599,False,True
728,729,0,2,"Bryhl, Mr. Kurt Arnold Gottfrid",male,25.0,1,0,236853,26.0,,S,0.7219581808657312,False,False
729,730,0,3,"Ilmakangas, Miss. Pieta Sofia",female,25.0,1,0,STON/O2. 3101271,7.925,,S,0.676450704930151,False,False
730,731,1,1,"Allen, Miss. Elisabeth Walton",female,29.0,0,0,24160,211.3375,B5,S,0.08299730423447549,True,True
731,732,0,3,"Hassan, Mr. Houssein G N",male,11.0,0,0,2699,18.7875,,C,0.5342804663612228,False,False
732,733,0,2,"Knight, Mr. Robert J",male,,0,0,239855,0.0,,S,0.0036866223408079657,False,False
733,734,0,2,"Berriman, Mr. William John",male,23.0,0,0,28425,13.0,,S,0.4571090362421387,False,False
734,735,0,2,"Troupiansky, Mr. Moses Aaron",male,23.0,0,0,233639,13.0,,S,0.8554144784271221,False,False
735,736,0,3,"Williams, Mr. Leslie",male,28.5,0,0,54636,16.1,,S,0.7372646093351694,True,False
736,737,0,3,"Ford, Mrs. Edward (Margaret Ann Watson)",female,48.0,1,3,W./C. 6608,34.375,,S,0.11377850958107094,True,False
737,738,1,1,"Lesurer, Mr. Gustave J",male,35.0,0,0,PC 17755,512.3292,B101,C,0.258872802699434,True,True
738,739,0,3,"Ivanoff, Mr. Kanio",male,,0,0,349201,7.8958,,S,0.7893181373238443,False,False
739,740,0,3,"Nankoff, Mr. Minko",male,,0,0,349218,7.8958,,S,0.6696873898074097,False,False
740,741,1,1,"Hawksford, Mr. Walter James",male,,0,0,16988,30.0,D45,S,0.8217521191322613,False,True
741,742,0,1,"Cavendish, Mr. Tyrell William",male,36.0,1,0,19877,78.85,C46,S,0.043852532637580155,True,False
742,743,1,1,"Ryerson, Miss. Susan Parker ""Suzette""",female,21.0,2,2,PC 17608,262.375,B57 B59 B63 B66,C,0.46844863769572953,False,True
743,744,0,3,"McNamee, Mr. Neal",male,24.0,1,0,376566,16.1,,S,0.5897476473967755,False,False
744,745,1,3,"Stranden, Mr. Juho",male,31.0,0,0,STON/O 2. 3101288,7.925,,S,0.3330866226121755,True,True
745,746,0,1,"Crosby, Capt. Edward Gifford",male,70.0,1,1,WE/P 5735,71.0,B22,S,0.5802816016901925,True,False
746,747,0,3,"Abbott, Mr. Rossmore Edward",male,16.0,1,1,C.A. 2673,20.25,,S,0.42626304469965126,False,False
747,748,1,2,"Sinkkonen, Miss. Anna",female,30.0,0,0,250648,13.0,,S,0.007277228794792534,True,True
748,749,0,1,"Marvin, Mr. Daniel Warner",male,19.0,1,0,113773,53.1,D30,S,0.8465200743691698,False,False
749,750,0,3,"Connaghton, Mr. Michael",male,31.0,0,0,335097,7.75,,Q,0.827455224656345,True,False
750,751,1,2,"Wells, Miss. Joan",female,4.0,1,1,29103,23.0,,S,0.41961401901605744,False,True
751,752,1,3,"Moor, Master. Meier",male,6.0,0,1,392096,12.475,E121,S,0.4038013162378392,False,True
752,753,0,3,"Vande Velde, Mr. Johannes Joseph",male,33.0,0,0,345780,9.5,,S,0.22408421936105571,True,False
753,754,0,3,"Jonkoff, Mr. Lalio",male,23.0,0,0,349204,7.8958,,S,0.23675637448398057,False,False
754,755,1,2,"Herman, Mrs. Samuel (Jane Laver)",female,48.0,1,2,220845,65.0,,S,0.034015174796192205,True,True
755,756,1,2,"Hamalainen, Master. Viljo",male,0.67,1,1,250649,14.5,,S,0.07102692523151855,False,True
756,757,0,3,"Carlsson, Mr. August Sigfrid",male,28.0,0,0,350042,7.7958,,S,0.26238365377181694,True,False
757,758,0,2,"Bailey, Mr. Percy Andrew",male,18.0,0,0,29108,11.5,,S,0.48069771286058494,False,False
758,759,0,3,"Theobald, Mr. Thomas Leonard",male,34.0,0,0,363294,8.05,,S,0.10537443519576717,True,False
759,760,1,1,"Rothes, the Countess. of (Lucy Noel Martha Dyer-Edwards)",female,33.0,0,0,110152,86.5,B77,S,0.26651798720720987,True,True
760,761,0,3,"Garfirth, Mr. John",male,,0,0,358585,14.5,,S,0.2286178233138847,False,False
761,762,0,3,"Nirva, Mr. Iisakki Antino Aijo",male,41.0,0,0,SOTON/O2 3101272,7.125,,S,0.37424526511399336,True,False
762,763,1,3,"Barah, Mr. Hanna Assi",male,20.0,0,0,2663,7.2292,,C,0.19624037089679058,False,True
763,764,1,1,"Carter, Mrs. William Ernest (Lucile Polk)",female,36.0,1,2,113760,120.0,B96 B98,S,0.20957093820789197,True,True
764,765,0,3,"Eklund, Mr. Hans Linus",male,16.0,0,0,347074,7.775,,S,0.6329280627714199,False,False
765,766,1,1,"Hogeboom, Mrs. John C (Anna Andrews)",female,51.0,1,0,13502,77.9583,D11,S,0.5855041481477311,True,True
766,767,0,1,"Brewe, Dr. Arthur Jackson",male,,0,0,112379,39.6,,C,0.6178888909546681,False,False
767,768,0,3,"Mangan, Miss. Mary",female,30.5,0,0,364850,7.75,,Q,0.41979248254827384,True,False
768,769,0,3,"Moran, Mr. Daniel J",male,,1,0,371110,24.15,,Q,0.7607049402117102,False,False
769,770,0,3,"Gronnestad, Mr. Daniel Danielsen",male,32.0,0,0,8471,8.3625,,S,0.2313708004958378,True,False
770,771,0,3,"Lievens, Mr. Rene Aime",male,24.0,0,0,345781,9.5,,S,0.9488415543372836,False,False
771,772,0,3,"Jensen, Mr. Niels Peder",male,48.0,0,0,350047,7.8542,,S,0.8707533383295513,True,False
772,773,0,2,"Mack, Mrs. (Mary)",female,57.0,0,0,S.O./P.P. 3,10.5,E77,S,0.16240703436321546,True,False
773,774,0,3,"Elias, Mr. Dibo",male,,0,0,2674,7.225,,C,0.24664818945333455,False,False
774,775,1,2,"Hocking, Mrs. Elizabeth (Eliza Needs)",female,54.0,1,3,29105,23.0,,S,0.10165827069701683,True,True
775,776,0,3,"Myhrman, Mr. Pehr Fabian Oliver Malkolm",male,18.0,0,0,347078,7.75,,S,0.15035731807627284,False,False
776,777,0,3,"Tobin, Mr. Roger",male,,0,0,383121,7.75,F38,Q,0.5459014035237852,False,False
777,778,1,3,"Emanuel, Miss. Virginia Ethel",female,5.0,0,0,364516,12.475,,S,0.35161296047751767,False,True
778,779,0,3,"Kilgannon, Mr. Thomas J",male,,0,0,36865,7.7375,,Q,0.8264570307470651,False,False
779,780,1,1,"Robert, Mrs. Edward Scott (Elisabeth Walton McMillan)",female,43.0,0,1,24160,211.3375,B3,S,0.43513287830623326,True,True
780,781,1,3,"Ayoub, Miss. Banoura",female,13.0,0,0,2687,7.2292,,C,0.9197902211423707,False,True
781,782,1,1,"Dick, Mrs. Albert Adrian (Vera Gillespie)",female,17.0,1,0,17474,57.0,B20,S,0.5239792130005251,False,True
782,783,0,1,"Long, Mr. Milton Clyde",male,29.0,0,0,113501,30.0,D6,S,0.714344709695945,True,False
783,784,0,3,"Johnston, Mr. Andrew G",male,,1,2,W./C. 6607,23.45,,S,0.635775148169811,False,False
784,785,0,3,"Ali, Mr. William",male,25.0,0,0,SOTON/O.Q. 3101312,7.05,,S,0.9011408259005778,False,False
785,786,0,3,"Harmer, Mr. Abraham (David Lishin)",male,25.0,0,0,374887,7.25,,S,0.8163190540825064,False,False
786,787,1,3,"Sjoblom, Miss. Anna Sofia",female,18.0,0,0,3101265,7.4958,,S,0.2819958867709639,False,True
787,788,0,3,"Rice, Master. George Hugh",male,8.0,4,1,382652,29.125,,Q,0.9350546167359609,False,False
788,789,1,3,"Dean, Master. Bertram Vere",male,1.0,1,2,C.A. 2315,20.575,,S,0.7107739550721879,False,True
789,790,0,1,"Guggenheim, Mr. Benjamin",male,46.0,0,0,PC 17593,79.2,B82 B84,C,0.9507358875991242,True,False
790,791,0,3,"Keane, Mr. Andrew ""Andy""",male,,0,0,12460,7.75,,Q,0.3910579496689659,False,False
791,792,0,2,"Gaskell, Mr. Alfred",male,16.0,0,0,239865,26.0,,S,0.9482732491985857,False,False
792,793,0,3,"Sage, Miss. Stella Anna",female,,8,2,CA. 2343,69.55,,S,0.25497717067408754,False,False
793,794,0,1,"Hoyt, Mr. William Fisher",male,,0,0,PC 17600,30.6958,,C,0.1900027316072097,False,False
794,795,0,3,"Dantcheff, Mr. Ristiu",male,25.0,0,0,349203,7.8958,,S,0.8273636667878864,False,False
795,796,0,2,"Otter, Mr. Richard",male,39.0,0,0,28213,13.0,,S,0.6612972059271723,True,False
796,797,1,1,"Leader, Dr. Alice (Farnham)",female,49.0,0,0,17465,25.9292,D17,S,0.23845835363828316,True,True
797,798,1,3,"Osman, Mrs. Mara",female,31.0,0,0,349244,8.683300000000001,,S,0.8166987411195268,True,True
798,799,0,3,"Ibrahim Shawah, Mr. Yousseff",male,30.0,0,0,2685,7.2292,,C,0.703419340167376,True,False
799,800,0,3,"Van Impe, Mrs. Jean Baptiste (Rosalie Paula Govaert)",female,30.0,1,1,345773,24.15,,S,0.8666474354940866,True,False
800,801,0,2,"Ponesell, Mr. Martin",male,34.0,0,0,250647,13.0,,S,0.7607698565838117,True,False
801,802,1,2,"Collyer, Mrs. Harvey (Charlotte Annie Tate)",female,31.0,1,1,C.A. 31921,26.25,,S,0.8277095944068403,True,True
802,803,1,1,"Carter, Master. William Thornton II",male,11.0,1,2,113760,120.0,B96 B98,S,0.7207402156631108,False,True
803,804,1,3,"Thomas, Master. Assad Alexander",male,0.42,0,1,2625,8.5167,,C,0.9002354756053884,False,True
804,805,1,3,"Hedman, Mr. Oskar Arvid",male,27.0,0,0,347089,6.975,,S,0.6420101888408553,True,True
805,806,0,3,"Johansson, Mr. Karl Johan",male,31.0,0,0,347063,7.775,,S,0.5688845582034147,True,False
806,807,0,1,"Andrews, Mr. Thomas Jr",male,39.0,0,0,112050,0.0,A36,S,0.9732203423026943,True,False
807,808,0,3,"Pettersson, Miss. Ellen Natalia",female,18.0,0,0,347087,7.775,,S,0.8354999343084397,False,False
808,809,0,2,"Meyer, Mr. August",male,39.0,0,0,248723,13.0,,S,0.6924943178096382,True,False
809,810,1,1,"Chambers, Mrs. Norman Campbell (Bertha Griggs)",female,33.0,1,0,113806,53.1,E8,S,0.8451191774552945,True,True
810,811,0,3,"Alexander, Mr. William",male,26.0,0,0,3474,7.8875,,S,0.7746736318314209,True,False
811,812,0,3,"Lester, Mr. James",male,39.0,0,0,A/4 48871,24.15,,S,0.14866881430611412,True,False
812,813,0,2,"Slemen, Mr. Richard James",male,35.0,0,0,28206,10.5,,S,0.6756941692393881,True,False
813,814,0,3,"Andersson, Miss. Ebba Iris Alfrida",female,6.0,4,2,347082,31.275,,S,0.6723685610030582,False,False
814,815,0,3,"Tomlin, Mr. Ernest Portage",male,30.5,0,0,364499,8.05,,S,0.11785717497056092,True,False
815,816,0,1,"Fry, Mr. Richard",male,,0,0,112058,0.0,B102,S,0.7965988764115438,False,False
816,817,0,3,"Heininen, Miss. Wendla Maria",female,23.0,0,0,STON/O2. 3101290,7.925,,S,0.5129242300398581,False,False
817,818,0,2,"Mallet, Mr. Albert",male,31.0,1,1,S.C./PARIS 2079,37.0042,,C,0.41438594716824684,True,False
818,819,0,3,"Holm, Mr. John Fredrik Alexander",male,43.0,0,0,C 7075,6.45,,S,0.4997236703802286,True,False
819,820,0,3,"Skoog, Master. Karl Thorsten",male,10.0,3,2,347088,27.9,,S,0.8929686425673358,False,False
820,821,1,1,"Hays, Mrs. Charles Melville (Clara Jennings Gregg)",female,52.0,1,1,12749,93.5,B69,S,0.7756766316510532,True,True
821,822,1,3,"Lulic, Mr. Nikola",male,27.0,0,0,315098,8.6625,,S,0.3244836525560727,True,True
822,823,0,1,"Reuchlin, Jonkheer. John George",male,38.0,0,0,19972,0.0,,S,0.4635957690079747,True,False
823,824,1,3,"Moor, Mrs. (Beila)",female,27.0,0,1,392096,12.475,E121,S,0.5286674625324698,True,True
824,825,0,3,"Panula, Master. Urho Abraham",male,2.0,4,1,3101295,39.6875,,S,0.6369330522207532,False,False
825,826,0,3,"Flynn, Mr. John",male,,0,0,368323,6.95,,Q,0.5584139848111466,False,False
826,827,0,3,"Lam, Mr. Len",male,,0,0,1601,56.4958,,S,0.4951046088755948,False,False
827,828,1,2,"Mallet, Master. Andre",male,1.0,0,2,S.C./PARIS 2079,37.0042,,C,0.802749927064092,False,True
828,829,1,3,"McCormack, Mr. Thomas Joseph",male,,0,0,367228,7.75,,Q,0.7361430143838248,False,True
829,830,1,1,"Stone, Mrs. George Nelson (Martha Evelyn)",female,62.0,0,0,113572,80.0,B28,,0.40410155531636405,True,True
830,831,1,3,"Yasbeck, Mrs. Antoni (Selini Alexander)",female,15.0,1,0,2659,14.4542,,C,0.4799272074451246,False,True
831,832,1,2,"Richards, Master. George Sibley",male,0.8300000000000001,1,1,29106,18.75,,S,0.0007365646501493739,False,True
832,833,0,3,"Saad, Mr. Amin",male,,0,0,2671,7.2292,,C,0.7710983292078305,False,False
833,834,0,3,"Augustsson, Mr. Albert",male,23.0,0,0,347468,7.8542,,S,0.16581943879740135,False,False
834,835,0,3,"Allum, Mr. Owen George",male,18.0,0,0,2223,8.3,,S,0.6915754174985829,False,False
835,836,1,1,"Compton, Miss. Sara Rebecca",female,39.0,1,1,PC 17756,83.1583,E49,C,0.6098159783206956,True,True
836,837,0,3,"Pasic, Mr. Jakob",male,21.0,0,0,315097,8.6625,,S,0.7931004615879422,False,False
837,838,0,3,"Sirota, Mr. Maurice",male,,0,0,392092,8.05,,S,0.23936641488048216,False,False
838,839,1,3,"Chip, Mr. Chang",male,32.0,0,0,1601,56.4958,,S,0.520357807898152,True,True
839,840,1,1,"Marechal, Mr. Pierre",male,,0,0,11774,29.7,C47,C,0.3144527065292121,False,True
840,841,0,3,"Alhomaki, Mr. Ilmari Rudolf",male,20.0,0,0,SOTON/O2 3101287,7.925,,S,0.6455417064692659,False,False
841,842,0,2,"Mudd, Mr. Thomas Charles",male,16.0,0,0,S.O./P.P. 3,10.5,,S,0.7005351845590628,False,False
842,843,1,1,"Serepeca, Miss. Augusta",female,30.0,0,0,113798,31.0,,C,0.382940726177297,True,True
843,844,0,3,"Lemberopolous, Mr. Peter L",male,34.5,0,0,2683,6.4375,,C,0.2034518451122339,True,False
844,845,0,3,"Culumovic, Mr. Jeso",male,17.0,0,0,315090,8.6625,,S,0.24322590635600694,False,False
845,846,0,3,"Abbing, Mr. Anthony",male,42.0,0,0,C.A. 5547,7.55,,S,0.764375799305952,True,False
846,847,0,3,"Sage, Mr. Douglas Bullen",male,,8,2,CA. 2343,69.55,,S,0.7156466453595428,False,False
847,848,0,3,"Markoff, Mr. Marin",male,35.0,0,0,349213,7.8958,,C,0.18199659016321323,True,False
848,849,0,2,"Harper, Rev. John",male,28.0,0,1,248727,33.0,,S,0.95193338344511,True,False
849,850,1,1,"Goldenberg, Mrs. Samuel L (Edwiga Grabowska)",female,,1,0,17453,89.1042,C92,C,0.1962200009116879,False,True
850,851,0,3,"Andersson, Master. Sigvard Harald Elias",male,4.0,4,2,347082,31.275,,S,0.9781733697368303,False,False
851,852,0,3,"Svensson, Mr. Johan",male,74.0,0,0,347060,7.775,,S,0.10283912423852104,True,False
852,853,0,3,"Boulos, Miss. Nourelain",female,9.0,1,1,2678,15.2458,,C,0.8065953811521108,False,False
853,854,1,1,"Lines, Miss. Mary Conover",female,16.0,0,1,PC 17592,39.4,D28,S,0.7383666999680554,False,True
854,855,0,2,"Carter, Mrs. Ernest Courtenay (Lilian Hughes)",female,44.0,1,0,244252,26.0,,S,0.3919541384777733,True,False
855,856,1,3,"Aks, Mrs. Sam (Leah Rosen)",female,18.0,0,1,392091,9.35,,S,0.48585642917637717,False,True
856,857,1,1,"Wick, Mrs. George Dennick (Mary Hitchcock)",female,45.0,1,1,36928,164.8667,,S,0.04240771340027871,True,True
857,858,1,1,"Daly, Mr. Peter Denis ",male,51.0,0,0,113055,26.55,E17,S,0.11995606384774171,True,True
858,859,1,3,"Baclini, Mrs. Solomon (Latifa Qurban)",female,24.0,0,3,2666,19.2583,,C,0.45797036245432576,False,True
859,860,0,3,"Razi, Mr. Raihed",male,,0,0,2629,7.2292,,C,0.43076472427708445,False,False
860,861,0,3,"Hansen, Mr. Claus Peter",male,41.0,2,0,350026,14.1083,,S,0.15914903047820672,True,False
861,862,0,2,"Giles, Mr. Frederick Edward",male,21.0,1,0,28134,11.5,,S,0.6557847377649026,False,False
862,863,1,1,"Swift, Mrs. Frederick Joel (Margaret Welles Barron)",female,48.0,0,0,17466,25.9292,D17,S,0.3120722169637792,True,True
863,864,0,3,"Sage, Miss. Dorothy Edith ""Dolly""",female,,8,2,CA. 2343,69.55,,S,0.7370388060648863,False,False
864,865,0,2,"Gill, Mr. John William",male,24.0,0,0,233866,13.0,,S,0.38175034036314337,False,False
865,866,1,2,"Bystrom, Mrs. (Karolina)",female,42.0,0,0,236852,13.0,,S,0.2612359626759917,True,True
866,867,1,2,"Duran y More, Miss. Asuncion",female,27.0,1,0,SC/PARIS 2149,13.8583,,C,0.12207079219966221,True,True
867,868,0,1,"Roebling, Mr. Washington Augustus II",male,31.0,0,0,PC 17590,50.4958,A24,S,0.9557745563576608,True,False
868,869,0,3,"van Melkebeke, Mr. Philemon",male,,0,0,345777,9.5,,S,0.39737239740757846,False,False
869,870,1,3,"Johnson, Master. Harold Theodor",male,4.0,1,1,347742,11.1333,,S,0.688420817137693,False,True
870,871,0,3,"Balkic, Mr. Cerin",male,26.0,0,0,349248,7.8958,,S,0.9565049986750673,True,False
871,872,1,1,"Beckwith, Mrs. Richard Leonard (Sallie Monypeny)",female,47.0,1,1,11751,52.5542,D35,S,0.26057613859735784,True,True
872,873,0,1,"Carlsson, Mr. Frans Olof",male,33.0,0,0,695,5.0,B51 B53 B55,S,0.13495238704446133,True,False
873,874,0,3,"Vander Cruyssen, Mr. Victor",male,47.0,0,0,345765,9.0,,S,0.1314674529047074,True,False
874,875,1,2,"Abelson, Mrs. Samuel (Hannah Wizosky)",female,28.0,1,0,P/PP 3381,24.0,,C,0.9738765985923126,True,True
875,876,1,3,"Najib, Miss. Adele Kiamie ""Jane""",female,15.0,0,0,2667,7.225,,C,0.09150351843973192,False,True
876,877,0,3,"Gustafsson, Mr. Alfred Ossian",male,20.0,0,0,7534,9.8458,,S,0.7556270532965732,False,False
877,878,0,3,"Petroff, Mr. Nedelio",male,19.0,0,0,349212,7.8958,,S,0.2083433469215047,False,False
878,879,0,3,"Laleff, Mr. Kristo",male,,0,0,349217,7.8958,,S,0.7681933109515269,False,False
879,880,1,1,"Potter, Mrs. Thomas Jr (Lily Alexenia Wilson)",female,56.0,0,1,11767,83.1583,C50,C,0.9496316481436398,True,True
880,881,1,2,"Shelley, Mrs. William (Imanita Parrish Hall)",female,25.0,0,1,230433,26.0,,S,0.9611931843778947,False,True
881,882,0,3,"Markun, Mr. Johann",male,33.0,0,0,349257,7.8958,,S,0.27575277065910464,True,False
882,883,0,3,"Dahlberg, Miss. Gerda Ulrika",female,22.0,0,0,7552,10.5167,,S,0.9976907095477805,False,False
883,884,0,2,"Banfield, Mr. Frederick James",male,28.0,0,0,C.A./SOTON 34068,10.5,,S,0.5823469161851611,True,False
884,885,0,3,"Sutehall, Mr. Henry Jr",male,25.0,0,0,SOTON/OQ 392076,7.05,,S,0.3912368332409083,False,False
885,886,0,3,"Rice, Mrs. William (Margaret Norton)",female,39.0,0,5,382652,29.125,,Q,0.5090606422941063,True,False
886,887,0,2,"Montvila, Rev. Juozas",male,27.0,0,0,211536,13.0,,S,0.10411699617949721,True,False
887,888,1,1,"Graham, Miss. Margaret Edith",female,19.0,0,0,112053,30.0,B42,S,0.12364528354248017,False,True
888,889,0,3,"Johnston, Miss. Catherine Helen ""Carrie""",female,,1,2,W./C. 6607,23.45,,S,0.7405614464033005,False,False
889,890,1,1,"Behr, Mr. Karl Howell",male,26.0,0,0,111369,30.0,C148,C,0.7862570901680003,True,True
890,891,0,3,"Dooley, Mr. Patrick",male,32.0,0,0,370376,7.75,,Q,0.8543792759682918,True,False
